"id","rus","kaz"
"1","этнографическ","этнографиялық"
"2","этическ","этикалық"
"3","эстетическ","эстетикалық"
"4","эмоциональн","эмоциялық"
"5","электрическ","электр"
"6","экспериментальн","эксперименталды"
"7","экономическ","экономикалық"
"8","эфолюцион","эволюциялық"
"9","эвакуирован","эвакуацияланған"
"10","внутренн","ішкі"
"11","хмельн","ішкен"
"12","струнн","ішекті"
"13","припухл","ісінген"
"14","сделанн","істелген"
"15","безработн","іссіз"
"16","подобн","іспеттес"
"17","делов","іскер"
"18","вздут","іскен"
"19","гнойн","іріңді"
"20","отборн","іріктелген"
"22","фундаментальн","іргелі"
"23","соседн","іргелес"
"24","бисерн","інжулі"
"25","висящ","ілулі"
"26","внимательн","ілтипатты"
"27","худ","ілмиген"
"28","хватки","ілгір"
"29","вежлив","ізетті"
"30","заинтересованн","ізденген"
"31","благо","ізгі"
"32","ретив","іждағатты"
"33","горяч","ыстық"
"34","удачлив","ырысты"
"35","ритмичн","ырғақты"
"36","немелодичн","ырғақсыз"
"37","неудобн","ыңғайсыз"
"38","дружн","ынтымақты"
"39","инициативн","ынталы"
"40","удобн","ыңғайлы"
"41","непримирим","ымырасыз"
"42","влажн","ылғалды"
"43","достойн","лайықты"
"44","внимательн","ықыласты"
"45","вольн","ықтиярлы"
"46","влиятельн","ықпалды"
"47","морозн","ызғарлы"
"48","возмущенн","ызалы"
"49","раздражительн","ызақор"
"50","старательн","ыждағатты"
"51","гнил","шіріген"
"52","сочн","шырынды"
"53","спутанн","шырмалған"
"54","красив","шырайлы"
"55","истинн","шын"
"56","крепк","шымыр"
"57","нетерпелив","шыдамсыз"
"58","терпелив","шыдамды"
"59","жадн","шығымсыз"
"60","всхож","шығымды"
"61","впал","шүңірек"
"62","сомнительн","шүбәлі"
"63","бесшумн","шусыз"
"64","шумн","шулы"
"65","корот","шолақ"
"66","бодр","ширақ"
"67","целебн","шипалы"
"68","исчерканн","шимайланған"
"69","сыр","шикі"
"70","запутанн","шиеленіскен"
"71","раздет","шешінген"
"72","разрешим","шешілетін"
"73","решенн","шешілген"
"74","решающ","шешуші"
"75","красноречив","шешен"
"76","безграничн","шетсіз"
"77","крайн","шеткі"
"78","заграничн","шетелдік"
"79","предельн","шекті"
"80","ограниченн","шектелген"
"81","бесконечн","шексіз"
"82","пограничн","шекаралық"
"83","летописн","шежірелі"
"84","прибит","шегелі"
"85","искусн","шебер"
"86","рассеянн","шашыраңқы"
"87","рассыпчат","шашылған"
"88","волосат","шашты"
"89","бахромчат","шашақты"
"90","запутанн","шатысқан"
"91","восторженн","шаттанған"
"92","ущелист","шатқалды"
"93","квадратн","шаршы"
"94","утомительн","шаршататын"
"95","неутомим","шаршамайтын"
"96","утомленн","шаршаған"
"97","хозяйственн","шаруашылық"
"98","условн","шартты"
"99","договорн","шарттасқан"
"100","зарешеченн","шарбақталған"
"101","великодушн","шарапатты"
"102","быстр","шапшаң"
"103","лыжн","шаңғы"
"104","предполагаем","шамаланған"
"106","проворн","шалымды"
"107","болотн","шалшықты"
"108","заболоченн","шалшықтанған"
"109","стар","шалдыққан"
"110","шаловлив","шалдуар"
"111","халтурн","шалағай"
"112","зван","шықырылған"
"113","позывн","шақыратын"
"114","кремнев","шақпақты"
"115","смолист","шайырлы"
"116","прожеванн","шайналған"
"117","заносчив","шадыр"
"118","небольш","шағын"
"119","расколот","шағылған"
"120","отражающ","шағылыстыратын"
"121","вдохновенн","шабытты"
"122","нападающ","щабуылдаушы"
"123","рублен","шабылған"
"124","наступательн","шабуылдайтын"
"125","медлительн","шабан"
"126","цикличн","циклді"
"127","цифров","цифрлық"
"128","хронологическ","хронологиялық"
"129","хроникальн","хроникалық"
"130","хореографическ","хореографиялық"
"131","хлорист","хлорлы"
"132","химическ","химиялық"
"133","народн","халық"
"134","международн","халықаралық"
"135","безвестн","хабарсыз"
"136","уведомительн","хабарландыратын"
"137","осведомленн","хабардар"
"138","функциональн","функционалдық"
"139","фракционн","фракциялық"
"140","формальн","формалдық"
"141","фонетическ","фонетикалық"
"142","фонематическ","фонематикалық"
"143","философск","философиялық"
"144","филологическ","филологиялық"
"145","физкультурн","физкультуралық"
"146","физиологическ","физиологиялық"
"147","физическ","физикалық"
"148","феодальн","феодалдық"
"149","федеративн","федерациялық"
"150","фашистск","фашистік"
"151","фантастическ","фантастикалық"
"152","факультативн","факультативтік"
"153","фабричн","фабрикалық"
"154","остр","үшкір"
"155","верхн","үстіңгі"
"156","пуглив","үркек"
"157","экономн","үнемшіл"
"158","звучн","үнді"
"159","созвучн","үндес"
"160","молчалив","үндемес"
"161","безнадежн","үмітсіз"
"162","больш","үлкен"
"163","примерн","үлгілі"
"164","неуспевающ","үлгермеуші"
"165","бездомн","үйсіз"
"166","привыкш","үйреніскен"
"167","привычн","үйреншікті"
"168","несоответствующ","үйлесімсіз"
"169","подходящ","үйлесімді"
"170","непрочн","үзілгіш"
"171","беспрерывн","үздіксіз"
"172","передов","үздік"
"173","интенсивн","үдемелі"
"174","восходящ","үдеме"
"175","рассыпчат","үгілгіш"
"176","стыдлив","ұятты"
"177","бесстыж","ұятсыз"
"178","робк","ұяң"
"179","застенчив","ұялшақ"
"180","раздраженн","ұшыққан"
"181","точен","ұшталған"
"182","летуч","ұшпа"
"183","быстр","ұшқыр"
"184","летающ","ұшатын"
"185","безвыигрышн","ұтыссыз"
"186","выигрышн","ұтымды"
"187","беспроигрышн","ұтылыссыз"
"188","приогранн","ұтылған"
"189","лучш","керемет"
"190","громадн","абажадай"
"191","лохмат","абалақ-сабалақ"
"192","наилучш","абзалы"
"193","абонементн","абонементтік"
"194","абонентн","абоненттік"
"195","абсолютн","абсолютті"
"196","абстрактн","абстрактты"
"197","абстрактн","абстрактілі"
"198","абстрагирующий","астракциялаушы"
"199","раздраженн","абыржыған"
"200","авторитетн","абыройлы"
"201","бесстыдн","абыройсыз"
"202","авантюрн","авантюралық"
"203","авантюристическ","авантюристтік"
"204","австрииск","австриялық"
"205","автопередвижн","автожылжымалы"
"206","автоматическ","автоматтық"
"207","автономн","автономиялық"
"208","авторск","авторлық"
"209","автобытов","автотұрмыстық"
"210","агглютенативн","агглютенативтік"
"211","аграрн","аграрлық"
"212","агрессивн","агрессиялық"
"213","агробиологическ","агробиологиялық"
"29","агрономический","агрономдық"
"215","агротехническ","агротехникалық"
"216","родственн","ағайындас"
"217","семейственн","ағайыншыл"
"218","запачканн","ағал-жағал"
"219","белеющ","ағарған"
"220","отбеливающ","ағартушы"
"221","побеленн","ағартылған"
"222","белес","ағартылған"
"223","необдуманн","ағат"
"224","текуч","ағатын"
"225","лесист","ағашты"
"226","сливн","ағызатын"
"227","английск","ағылшын"
"228","текущ","ағымдағы"
"229","непроточн","ағымсыз"
"230","бурн","ағынды"
"231","безпоточн","ағынсыз"
"232","быстротечн","ағысты"
"233","расстегнут","ағытылған"
"234","добросовестн","адал"
"235","заблудш","адасқан"
"236","адекватн","адекват"
"237","адиабатическ","адиабаттық"
"238","властн","адуынды"
"239","шагающ","адымдағыш"
"240","неровн","адыр-бұдыр"
"60","пучеглаз","адырақ"
"61","бугрист","адырлы"
"62","небугрист","адырсыз"
"63","смертн","ажалды"
"64","бессмертн","ажалсыз"
"65","шлифовальн","ажарлайтын"
"66","красив","ажарлы"
"67","невзрачн","ажарсыз"
"68","насмешлив","ажуашыл"
"69","неотделим","ажырағысыз"
"70","разделим","ажырамалы"
"71","неотделим","ажыратылмайтын"
"72","убавленн","азайған"
"73","убавленн","азайтылған"
"74","траурн","азалы"
"75","утренн","азанғы"
"76","мучительн","азапты"
"77","вольн","азат"
"78","боров","азбан"
"79","захудал","азған"
"80","незначитаельн","азғантай"
"81","безнравственн","азғын"
"82","безнравственн","азғындаған"
"83","разлагающ","аздыратын"
"84","азербайджанск","азербайжан"
"85","азиатск","азия"
"86","недовольн","азсынған"
"87","зубаст","азулы"
"88","кормов","азықты"
"90","воющ","азынаған"
"91","исхудавш","азыңқы"
"92","внушительн","айбарлы"
"93","мягк","айбарсыз"
"94","грозн","айбатты"
"95","внушительн","айбаттылық"
"96","храбр","айбынды"
"97","криклив","айғайшыл"
"98","бездоказательн","айғақсыз"
"100","красив","айдай"
"101","похотн","айдалатын"
"102","пспаханн","айдалған"
"103","хохлат","айдарлы"
"104","широк","айдынды"
"105","неширок","айдынсыз"
"106","шумлив","айқай-қиқулы"
"107","шумн","айқайлы"
"108","криклив","айқайшыл"
"109","перекрестн","айқасқан"
"110","четк","айқын"
"111","поясняющ","айқындауыш"
"112","скрестивш","айқышты"
"113","увертлив","айлакер"
"114","смекалист","айлакес"
"115","хитроумн","айлалы"
"116","бесхитростн","айласыз"
"117","ловк","айлашыл"
"118","лунн","айлы"
"119","межрегиональн","аймақаралық"
"120","зональн","аймақтық"
"121","зеркальн","айнадай"
"122","вращающ","айналма"
"123","кругов","айналмалы"
"125","оборотн","айналымдық"
"126","изменчив","айнығыш"
"127","верн","айнымас"
"128","значительн","айрықша"
"129","заметн","айрықшаланған"
"130","лишивш","айрылған"
"131","безлунн","айсыз"
"132","дельн","айтарлықтай"
"133","бесподобн","айтқысыз"
"134","знатн","айтулы"
"135","сказанн","айтылған"
"136","неукрашенн","айшықсыз"
"137","узорчат","айшықты"
"138","выздоровевш","айыққан"
"139","безвинн","айыпсыз"
"140","виноват","айыпты"
"141","разветвленн","айыр"
"142","неразделим","айырғысыз"
"143","одинаков","айырмасыз"
"144","неотличим","айырықсыз"
"145","академическ","академиялық"
"146","аккордн","аккордтық"
"147","аккредитованн","аккредитивті"
"148","акробатическ","акробаттық"
"149","аксиоматичн","аксиомалық"
"150","аксиоматическ","аксиоматикалық"
"151","актерск","актерлік"
"152","активн","активті"
"153","актуальн","актуальды"
"154","заактированн","актілі"
"155","акустическ","акустикалық"
"156","акцентуационн","акцентуациялық"
"157","акционерн","акционерлік"
"158","бел","ақ"
"159","белосив","ақбоз"
"160","белогрив","ақжал"
"161","удачлив","ақжолтай"
"162","правдив","ақиқатшыл"
"163","добродушн","ақкөңіл"
"164","лебедин","аққу"
"165","белолиц","аққұба"
"166","рассеянн","ақпа"
"167","доброжелательн","ақпейіл"
"168","добродушн","ақпейілді"
"169","хром","ақсақ"
"170","почтенн","ақсақалды"
"171","великосветск","ақсүйек"
"172","оправданн","ақталған"
"173","белокож","ақтәнді"
"174","белогрудн","ақтөс"
"175","конечн","ақтық"
"176","бело-черн","ақтылы-қаралы"
"177","безденежн","ақшасыз"
"178","светл","ақщыл"
"179","беловат","ақшылдау"
"180","светл","ақшырайлы"
"181","мудр","ақылгөй"
"182","благоразумн","ақылды"
"183","глуп","ақылсыз"
"184","платн","ақылы"
"185","глуп","ақымақ"
"186","глуповат","ақымақтау"
"187","заключительн","ақырғы"
"188","загробн","ақыреттік"
"189","медленн","ақырын"
"190","бесплатн","ақысыз"
"191","пестр","ала"
"193","нечестн","алақол"
"194","беспристрастн","алаламайтын"
"195","легкомысленн","алаңғасар"
"196","настораживающ","алаңдатарлық"
"197","рассеянн","алаңқы"
"198","опустошительн","алапат"
"199","низк","аласа"
"200","невысок","аласалау"
"201","разъяренн","аласұрған"
"202","растрепанн","алау-жалау"
"203","огненн","алаулы"
"204","лохмат","алба-жұлба"
"205","албанск","албан"
"206","распущенн","албыр-жалбыр"
"207","болтающ","албыр-салбыр"
"208","румян","албыраған"
"209","напорист","албырт"
"210","алгебраическ","алгебралық"
"211","взявш","алған"
"212","начальн","алғашқы"
"213","передн","алғы"
"214","восприимчив","алғыр"
"215","берущ","алғыш"
"216","предстоящ","алдағы"
"217","хитрущ","алдампаз"
"218","заманчив","алдамшы"
"219","доверчив","алданғыш"
"220","забавляющ","алдандырушы"
"221","мним","алдауыш"
"222","передн","алдыңғы"
"223","заблудш","алжасқан"
"224","неряшлив","алқа-салқа"
"225","неопрятн","алқам-салқам"
"226","ал","алқызыл"
"227","аллотропическ","аллотропиялық"
"228","яблонев","алмалы"
"229","съемн","алмалы-салмалы"
"230","заменяющ","алмастыратын"
"231","заменяющ","алмасушы"
"233","шестигранн","алтыжақты"
"234","шестидневн","алтыкүндік"
"235","золот","алтын"
"236","позолоченн","алтынданған"
"238","сахарн","алуа-шекер"
"239","разносторонн","алуан"
"240","многообразн","алуан-алуан"
"241","разн","алуандас"
"242","алфавитн","алфавиттік"
"243","алхимическ","алхимиялық"
"244","далек","алшақ"
"246","несглаженн","алым-салық"
"247","безвыигрышн","алымсыз"
"248","громадн","алып"
"249","богатырск","алыптық"
"250","далек","алыс"
"251","дальн","алыстағы"
"252","ловк","амалшыл"
"253","здоров","аман"
"254","благополучн","аман-есен"
"255","амнистированн","амнистияланған"
"256","аморальн","аморальды"
"257","значительн","анағұрлым"
"258","тогдашн","анадағы"
"259","так","анадай"
"260","примитивн","анайы"
"261","анализированн","анализдік"
"262","аналитическ","аналитикалық"
"263","аналогичн","аналогиялық"
"264","гранатов","анардай"
"265","анархистическ","анархистік"
"266","анархическ","анархиялық"
"267","анатомическ","анатомиялық"
"268","анкетическ","анкеталық"
"269","аннотированн","аннотациялық"
"270","анорганическ","анорганикалық"
"271","ансамблев","ансамбльдік"
"272","антагонистическ","антагонистік"
"273","антидемократическ","антидемократиялық"
"274","антикоммунистическ","антикоммунистік"
"275","антимарксистск","антимарксистік"
"276","антипартийн","антипартиялық"
"277","антипозиционн","антипозициялық"
"278","антисанитарн","антисанитарлық"
"279","антисоветск","антисоветтік"
"280","антифашистск","антивашистік"
"281","присягающ","антқор"
"282","антологическ","антологиялық"
"283","антропологическ","антропологиялық"
"284","проклят","антұрған"
"285","ясн","анық"
"286","достоверн","анықталған"
"287","справочн","анықтамалық"
"288","наивн","аңғал"
"289","безалаберн","аңғалақ"
"290","неосмотрительн","аңғалсоқ"
"291","наблюдательн","аңғарғыш"
"292","долинн","аңғарлы"
"293","недогадлив","аңғарсыз"
"294","наблюдательн","аңғарымды"
"295","смышленн","аңғарымпаз"
"296","неосторожн","аңғырт"
"297","безхитростн","аңқау"
"298","откровенн","аңқылдақ"
"299","скучающ","аңсаулы"
"300","невнимательн","аңсыз"
"301","широкогруд","апайтөс"
"302","растерянн","апалақ-сапалақ"
"303","апатичн","апатиялық"
"304","катастрофичн","апатты"
"305","белоснежн","аппақ"
"306","недельн","апталық"
"307","знойн","аптап"
"309","бессовестн","ар-ұятсыз"
"310","совестлив","ар-ұятты"
"311","промежуточн","арадағы"
"312","красив","арайлы"
"313","некрасив","арайсыз"
"314","смешанн","аралас"
"316","безучастн","аралассыз"
"317","передвижн","аралатпа"
"318","бесчестн","арам"
"319","подл","арамза"
"320","завораживающ","арбайтын"
"321","повозочн","арбалық"
"322","неуклюж","арбаң-арбаң"
"323","размашист","арбаң-тарбаң"
"324","громоздк","арбиған"
"325","дальн","арғы"
"326","породист","арғымақ"
"327","ценн","ардақ"
"328","почетн","ардақты"
"329","ареальн","ареалдық"
"330","арендн","арендалық"
"331","дешев","арзан"
"332","аристократическ","аристократтық"
"333","арифметическ","арифметикалық"
"334","заплечн","арқалайтын"
"335","балочн","арқалық"
"336","привязн","арқандаулы"
"337","бесхребетн","арқасыз"
"339","обидчив","арланғыш"
"340","совестлив","арлы"
"341","мечтательн","арманды"
"342","романтическ","арманшыл"
"343","армейск","армиялық"
"344","специальн","арнайы"
"345","поточн","арналы"
"346","посвященн","арнаулы"
"347","бессовестн","арсыз"
"348","артистическ","артистік"
"349","повышенн","артқан"
"350","задн","артқы"
"351","вьючн","артпа"
"352","переметн","артпалы"
"353","задн","арттағы"
"354","возрастающ","артушы"
"355","лишн","артық"
"356","излишн","артықша"
"357","свят","аруақты"
"358","археологическ","археологиялық"
"359","архивн","архивтік"
"360","очищенн","аршылған"
"361","аршинн","аршынды"
"362","заезженн","арыған"
"363","тощ","арық"
"364","худосочн","арық-тұрық"
"365","худощав","арықша"
"366","напорист","арынды"
"367","неупрям","арынсыз"
"368","упрям","арыншыл"
"369","львин","арыстан"
"370","необъезженн","асау"
"371","асимметрическ","асимметриялық"
"372","тыквенн","асқабақ"
"373","надменн","асқақ"
"374","недоступн","асқар"
"375","запущенн","асқындырылған"
"376","подвесн","аспа"
"377","кулинарн","аспаздық"
"378","висяч","аспалы"
"379","небесн","аспандағы"
"380","инструментальн","аспаптық"
"381","высокомерн","астамшыл"
"382","столичн","астаналық"
"383","подкладочн","астарлық"
"384","астрономическ","астрономиялық"
"385","зернов","астық"
"386","неурожайн","астықсыз"
"387","урожайн","астықты"
"388","нижн","астындағы"
"390","закулисн","астыртын"
"391","вял","асусыз"
"392","асфальтированн","асфальтты"
"393","торопящ","асығушы"
"394","тороплив","асыққыш"
"395","благородн","асыл"
"396","висяч","асылған"
"397","приемн","асыранды"
"398","воспитываем","асыраулы"
"399","коренн","ата-бабалық"
"400","атакованн","атакаланған"
"401","бесславн","атақсыз"
"402","знаменитый","атақты"
"403","названн","аталған"
"404","древн","атамзаман"
"405","терминированн","атауланған"
"406","безымянн","атаусыз"
"407","называющ","атаушы"
"408","атеистическ","атеистік"
"409","исполним","атқарарлық"
"410","исполненн","атқарылған"
"411","атмосферн","атмосфералық"
"412","атомн","атомдық"
"413","безлощадн","атсыз"
"414","верхов","атты"
"416","обстрелянн","атылған"
"417","насумевш","атышулы"
"418","простодушн","ауан"
"419","валк","ауғыш"
"420","межрайонн","ауданаралық"
"421","районн","аудандық"
"422","переводн","аудармалық"
"423","переведенн","аударылған"
"424","состоятельн","ауқатты"
"425","объемн","ауқымды"
"426","изолированн","аулақтанған"
"427","схож","аумайтын"
"428","объемн","аумақты"
"429","неустойчив","аумалы"
"431","панировочн","аунатылатын"
"432","запанированн","аунатылған"
"433","больн","ауру"
"434","болезненн","аурулау"
"435","безболезненн","аурусыз"
"437","необузданн","ауыздықсыз"
"438","устн","ауызша"
"439","межпоселков","ауыларалық"
"440","сельск","ауылдық"
"441","сельскохозяйственн","ауылшаруашылық"
"442","бедственн","ауыр"
"443","болезненн","ауырғыш"
"444","затрудненн","ауырлаған"
"445","болезненн","ауыртатын"
"446","безболезненн","ауыртпалықсыз"
"447","ненормальн","ауыс"
"448","бессменн","ауыспайтын"
"449","переменн","ауыспалы"
"450","бессменн","ауыспас"
"451","заменяющ","ауыстыратын"
"452","переменн","ауыстырмалы"
"453","заменим","ауыстырылатын"
"454","изменчив","ауытқымалы"
"455","голодн","аш"
"457","худ","ашаң"
"458","худощав","ашаңдау"
"459","ненасытн","ашқарақ"
"460","кисловат","ашқылтым"
"461","открывающ","ашпалы"
"462","взволнованн","ашуланған"
"463","вспыльчив","ашуланшақ"
"465","открыт","ашық"
"466","раскрыт","ашылған"
"467","открывающ","ашылмалы"
"468","заквашенн","ашымал"
"469","возмущенн","ашынған"
"470","бродильн","ашытатын"
"471","горьк","ащы"
"472","горьковат","ащылау"
"473","горько-солен","ащылы-тұщылы"
"474","огромн","үлкен"
"475","жалостлив","аяғыш"
"476","холодн","аязды"
"477","безног","аяқсыз"
"478","завершенн","аяқталған"
"479","бесконечн","аяқталмайтын"
"480","ласков","аялы"
"481","жалостлив","аямпаз"
"482","известн","аян"
"483","боязлив","аяншақ"
"484","жалк","аянышты"
"485","дорог","аяулы"
"486","литературн","әдеби"
"488","красив","әдемі"
"489","миловидн","әдеміше"
"490","изначальн","әдепкі"
"491","невоспитанн","әдепсіз"
"492","воспитанн","әдепті"
"493","обычн","әдеттегі"
"494","правдим","әділ"
"495","несправидлив","әділетсіз"
"496","правдив","әділетті"
"497","ловк","әдісқой"
"498","приличн","әжептәуір"
"499","морщинист","әжімді"
"500","благородн","әзіз"
"501","готов","әзір"
"502","красив","әйбат"
"503","женственн","әйелдік"
"504","глазурн","әйнекейлі"
"505","бывал","әккі"
"506","административно-командн","әкімшіл-әміршіл"
"507","административн","әкімшілік"
"508","административно-территориальн","әкімшілік-территориялық"
"509","административно-хозяйственн","әкімшілік-шаруашылық"
"510","неопределенн","әлдеқандай"
"511","крепк","әлді"
"512","миров","әлемдік"
"513","социальн","әлеуметтік"
"514","социально-культурн","әлеуметтік-мәдени"
"515","социально-политическ","әлеуметтік-саяси"
"517","безобразн","әлпетсіз"
"518","похож","әлпеттес"
"519","красив","әтпетті"
"520","слаб","әлсіз"
"521","истощенн","әлсізденген"
"522","истомленн","әлсіреген"
"523","универсальн","әмбебап"
"524","царственн","әмірлі"
"525","глуп","әпербақан"
"526","всяк","әрбір"
"527","кажд","әрбір"
"528","действующ","әрекеттегі"
"529","предприимчив","әрекетшіл"
"530","разносторонн","әржақты"
"531","неравномерн","әркелкі"
"532","всяк","әркім"
"534","всяческ","әрқилы"
"535","обаятельн","әрлі"
"536","неодинаков","әртүрлі"
"537","красив","әсем"
"538","впечатлительн","әсерлі"
"539","действенн","әсершіл"
"540","военн","әскери"
"541","военно-полев","әскери-далалық"
"542","военно-патриотическ","әскери-патриоттық"
"543","военн","әскерлік"
"544","воздушн","әуедегі"
"545","мажорн","әуезді"
"546","легкомысленн","әуейі"
"547","исходн","әуелгі"
"548","музыкальн","әуенді"
"549","любопытн","әуес"
"551","увлекающ","әуесті"
"552","свят","әулие"
"553","придурковат","әумесер"
"554","инкрустированн","әшекейленген"
"555","разукрашенн","әшекейлі"
"556","отличн","бабында"
"557","расценочн","бағалайтын"
"558","равноценн","бағалас"
"559","ценн","бағалы"
"560","недавн","бағанағы"
"561","столбов","бағаналы"
"562","бесценн","бағасыз"
"563","садоводческ","бағбандық"
"564","программн","бағдарламалық"
"565","направляющ","бағдарлаушы"
"566","ориентирующ","бағдаршы"
"567","давн","бағзы"
"568","воспитывающ","бағушы"
"569","самовольн","бағынбаушы"
"570","зависим","бағынулы"
"571","подчиненн","бағынушы"
"572","зависим","бағыныңқы"
"573","подвласн","бағынышты"
"574","направляющ","бағыттаушы"
"575","крупн","ірі"
"576","таможенн","баж"
"577","беспошлинн","бажсыз"
"578","базарн","базарлы"
"579","богат","бай"
"580","брюзглив","байбайшыл"
"581","ворчлив","байбаламшы"
"582","внимательн","байқағыш"
"583","замеченн","байқалған"
"584","перевязочн","байлайтын"
"585","связывающ","байламалы"
"586","завязанн","байланған"
"587","связанн","байланысқан"
"588","бессвязн","байланыссыз"
"589","зависим","байланысты"
"590","связывающ","байланыстырғыш"
"591","связн","байланысшы"
"592","завязанн","байлаулы"
"593","спокойн","байсалды"
"594","беспредельн","байтақ"
"595","безотчетн","байыпсыз"
"596","спокойн","байыпты"
"597","бактериологическ","бактериологиялық"
"598","коротк","бақанша"
"599","неприязненн","бақас"
"600","подзорн","бақылайтын"
"601","безотчетн","бақылаусыз"
"602","горласт","бақырауық"
"603","несчастн","бақытсыз"
"604","счастлив","бақытты"
"605","многодетн","бала-шағалы"
"606","бездетн","бала-шағасыз"
"607","ворчлив","балағатшыл"
"608","цыпляч","балапан"
"610","восков","балауыз"
"611","вощен","балауыздалған"
"613","медов","балды"
"614","тинист","балдырлы"
"615","расплавляющ","балқытатын"
"616","глинист","балшықты"
"617","рыбн","балық"
"619","рыбацк","балықшы"
"620","неподготовленн","бапсыз"
"621","холен","бапты"
"622","существующ","бар"
"623","адекватн","барабар"
"624","космат","барақ"
"625","криклив","барқырауық"
"626","валов","барлығы"
"627","маленьк","кішкентай"
"628","главн","бас"
"629","друг","басқа"
"630","различн","басқа-басқа"
"631","ведущ","басқаратын"
"632","управляющ","басқарма"
"633","вверенн","басқаруындағы"
"634","управляем","басқарылатын"
"635","управляем","басқарылмалы"
"636","главн","басқы"
"637","ступенчат","басқышты"
"638","бездомн","баспанасыз"
"639","типографск","баспаханалық"
"640","безголов","бассыз"
"641","начат","басталған"
"642","исходн","бастапқы"
"643","главн","басты"
"644","приниженн","басылған"
"645","начальн","басындағы"
"646","подавленн","басыңқы"
"647","бесстрашн","батыл"
"648","вогнут","батыңқы"
"649","отважн","батыр"
"650","западн","батыс"
"652","чутк","бауырмашыл"
"653","прошл","баяғы"
"654","верн","баянды"
"655","медленн","баяу"
"656","медлительн","баяуламалы"
"657","замедляющ","баяулататын"
"658","призов","бәйгелі"
"659","низк","бәкене"
"660","бедов","бәлекет"
"661","вредоносн","бәлелі"
"662","тих","бәсең"
"663","незнаком","бегене"
"664","авторитетн","беделді"
"665","орнаментированн","бедерлі"
"666","бесплодн","бедеу"
"667","безжалостн","безбүйрек"
"668","отвыкш","безген"
"669","упруг","бездей"
"670","украшенн","безендірілген"
"671","твердосерд","безер"
"672","несчастн","бейбақ"
"673","неблагополучн","бейберекет"
"674","мирн","бейбіт"
"675","миролюбив","бейбітшіл"
"676","беззаботн","бейғам"
"677","неспокойн","бейжай"
"678","невинн","бейкүнә"
"679","беззаботн","бейқам"
"680","беспокойн","беймаза"
"681","неизвестн","беймәлім"
"682","изображенн","бейнеленген"
"683","живописн","бейнелі"
"684","трудящ","бейнеткеш"
"685","трудолюбив","бейнетқор"
"686","мучительн","бейнетті"
"687","беззаботн","бейпіл"
"688","безграмотн","бейсауат"
"689","аполитичн","бейсаясат"
"690","незнаком","бейтаныс"
"691","беспристрастн","бейтарап"
"692","неосведомленн","бейхабар"
"693","бедн","бейшара"
"694","склонн","бейім"
"695","приспособленн","бейімделген"
"697","прочн","бекем"
"698","закрепительн","бекітетін"
"699","замкнут","бекітулі"
"700","укрепленн","бекітілген"
"701","отмеченн","белгіленген"
"702","известн","белгілі"
"703","белков","белоктық"
"704","неуступающ","бергісіз"
"705","благодатн","берекелі"
"706","неплодотворн","берекесіз"
"707","изобильн","берекетті"
"708","задолжавш","бересілі"
"709","недавн","бертінді"
"710","прочн","берік"
"711","заданн","берілген"
"712","дарящ","берімсек"
"713","рубцов","берішті"
"714","универсальн","бесаспап"
"715","настырн","бетпақ"
"716","бетонн","бетонды"
"717","бессовестн","бетсіз"
"718","резк","бетті"
"719","билингвистическ","билингвистикалық"
"720","бинарн","бинарлық"
"721","биржев","биржалық"
"722","высок","биік"
"723","изящн","биязы"
"724","блокированн","блокадаланған"
"725","сер","бозамық"
"727","бело-сер","бозғыл"
"728","бледноват","бозша"
"729","вял","болбыр"
"730","предвидящ","болжағыш"
"731","предположительн","болжалды"
"733","гипотетическ","болжаулық"
"734","предсказывающ","болжаушы"
"735","отсутствованн","болмаған"
"736","незначительн","болмашы"
"737","дельн","болымды"
"738","вял","болымсыз"
"739","буранн","боранды"
"740","откормленн","бордақыланған"
"741","рыхл","борпаң"
"742","неплотн","борпас"
"743","бортов","борттық"
"744","свободн","бос"
"745","расслабленн","босаң"
"746","неослабевш","босаңсымаған"
"747","подкрашенн","бояма"
"748","окрашенн","бояулы"
"749","заградительн","бөгейтін"
"750","прегражденн","бөгелген"
"752","безостановочн","бөгеусіз"
"753","бязев","бөзден"
"754","особенн","бөлекше"
"755","разделительн","бөлетін"
"756","комнатн","бөлмелі"
"757","разобранн","бөлшектелінген"
"758","безраздельн","бөлінбейтін"
"759","разделенн","бөлінген"
"760","разделим","бөлінетін"
"761","шапочн","бөріктік"
"762","посторонн","бөтен"
"763","бригадн","бригадалық"
"764","бронированн","брондалған"
"765","бронев","бронды"
"766","букинистическ","букинистік"
"767","выпаренн","буланған"
"768","парн","булы"
"769","буферн","буферлі"
"770","коленчат","буынды"
"771","неровн","бұдыр"
"772","испорченн","бұзық"
"773","поврежденн","бұзылған"
"774","непортящ","бұзылмайтын"
"775","кудряв","бұйра"
"776","приказывающ","бұйрықшы"
"777","застенчив","бұйық"
"778","приказывающ","бұйырушы"
"779","публичн","бұқаралық"
"780","мутн","бұлдыр"
"781","гневн","бұлқан-талқан"
"782","зинзагообразн","бұлталақ"
"783","безоблачн","бұлтсыз"
"784","облачн","бұлтты"
"785","мускулист","бұлшықты"
"786","пасмурн","бұлыңғыр"
"787","ввинчив","бұралған"
"788","винтов","бұрама"
"789","извилист","бұраң"
"790","бывш","бұрынғы"
"791","ветвист","бұтақты"
"792","сучковат","бұтанақты"
"793","загнут","бүгулі"
"794","сегодняшн","бүгінгі"
"795","почечн","бүйректік"
"796","вместительн","бүйірлі"
"797","складн","бүктеме"
"798","загнут","бүктеулі"
"799","всесоюзн","бүкілодақтық"
"800","всенародн","бүкілхалықтық"
"801","горбат","бүкір"
"802","сутуловат","бүкірсымақ"
"803","сутул","бүкіш"
"804","маленьк","бүлдіршін"
"805","разбит","бүлдірілген"
"806","испорченн","бүлінген"
"807","накрыт","бүркелген"
"808","цел","бүтін"
"809","ин","былайғы"
"811","нерасторопн","былжыр"
"812","незатвердевш","былжырақ"
"813","колыхающ","былқылдақ"
"814","прошлогодн","былтырғы"
"815","хаотичн","былыққан"
"816","запутанн","былықпай"
"817","набухш","быртық"
"818","разобщенн","бытыранды"
"819","знающ","білгір"
"820","сильн","білекті"
"821","знающ","білікті"
"823","образованн","білімді"
"824","единодушн","бірауызды"
"825","односторонн","бірбеткей"
"826","однобок","бірбүйір"
"827","одинаков","бірдей"
"828","единственн","бірден-бір"
"829","уникальн","бірегей"
"830","частичн","бірен-сарандаған"
"831","односторонн","біржақты"
"832","одноразов","біржолғы"
"833","одинаков","біркелкі"
"834","равномерн","бірқалыпты"
"835","однотипн","бірқилы"
"836","единичн","бірлі-жарым"
"837","дружн","бірлікті"
"838","однообразн","бірсарынды"
"839","ровн","біртегіс"
"840","одинаков","біртекті"
"841","одонородн","біртектілі"
"842","неповторим","біртума"
"843","однообразн","бірізді"
"844","сплоченн","біріккен"
"845","разрозненн","бірікпеген"
"846","соединенн","біріктірілген"
"847","первичн","бірінші"
"848","непримирим","бітіспес"
"850","бюрократическ","бюрократтық"
"851","валентн","валентті"
"852","валютн","валюталық"
"853","варварск","варварлық"
"854","вариативн","варияциялық"
"855","вассальн","вассалдық"
"856","векторн","векторлық"
"857","вертикальн","вертикальды"
"858","винтов","винттік"
"859","виртуозн","виртуоздық"
"860","вокальн","вокалды"
"862","волюнтаристическ","волюнтаристік"
"863","газированн","газдалған"
"865","газетн","газеттік"
"866","галактическ","галактикалық"
"867","гангстерск","гангстерлік"
"868","бриллиантов","гауһарлы"
"869","гвардейск","гвардиялық"
"870","гегемонический","гегемондық"
"871","генеологическ","генеологиялық"
"872","генеральск","генералдық"
"873","географическ","географиялық"
"874","геологическ","геологиялық"
"875","геометрическ","геометриялық"
"876","геоцентрическ","геоцентрлік"
"877","герметическ","герметикалық"
"878","гимнастическ","гимнастикалық"
"879","госпитальн","госпитальдық"
"880","грамматическ","грамматикалық"
"881","загримированн","гримді"
"882","гуманитарн","гуманитарлық"
"883","цветущ","гүлдеген"
"884","цветоносн","гүлденгіш"
"885","цветаст","гүлді"
"886","цветущ","гүлжазира"
"887","бесцветков","гүлсіз"
"888","замечательн","ғажайып"
"889","изумительн","ғажап"
"890","уважаем","ғазиз"
"891","образцов","ғақлиялық"
"892","удивительн","ғаламат"
"893","бедн","ғаріп"
"894","вековечн","ғасырлық"
"895","влюбленн","ғашық"
"896","поучительн","ғибратты"
"897","научн","ғылыми"
"898","научно-исследовательск","ғылыми-зерттеу"
"899","научно-массов","ғылыми-көпшілік"
"900","научно-финансов","ғылыми-қаржылық"
"901","научно-производственн","ғылыми-өндірістік"
"902","научно-техническ","ғылыми-техникалық"
"904","тревожн","дабылды"
"905","беззвучн","дабылсыз"
"906","шумн","дабырлы"
"907","бесшумн","дабырасыз"
"908","шумлив","дабырашыл"
"911","безвыходн","дағдарысты"
"912","привычн","дағдылы"
"913","готов","дайын"
"914","подготовленн","дайындалған"
"915","штампов","дақпыртты"
"916","чист","дақсыз"
"917","бесшабашн","далақтай"
"918","уличн","далалы"
"919","степн","далалық"
"920","изодранн","далба-дұлба"
"921","развит","дамыған"
"922","мудр","дана"
"926","тщеславн","даңққұмар"
"927","бесславн","даңқсыз"
"928","известн","даңқты"
"929","индивидуальн","дара"
"930","разрозненн","дара-дара"
"932","привольн","дарқан"
"933","одаренн","дарынды"
"934","бездарн","дарынсыз"
"935","целительн","дауалы"
"936","неизлечим","дауасыз"
"937","сутяжническ","даукес"
"938","криклив","даурықпа"
"939","бесспорн","даусыз"
"941","ураганн","дауылды"
"942","безголос","дауыссыз"
"943","гласн","дауысты"
"944","подготавливающ","даярлайтын"
"945","смел","дәділ"
"946","обоснованн","дәйекті"
"947","адекватн","дәл"
"948","доказательн","дәлелді"
"949","бездоказательн","дәлелсіз"
"950","вкусов","дәм"
"951","вкусн","дәмді"
"952","безвкусн","дәмсіз"
"953","зернист","дәнді"
"954","связывающ","дәнекерлейтін"
"955","паяльн","дәнекерлі"
"956","бессемянн","дәнсіз"
"957","тетрадн","дәптерлік"
"958","сильн","дәрменді"
"959","беспомощн","дәрменсіз"
"960","вял","дәртсіз"
"961","бодр","дәртті"
"962","врачебн","дәрігерлік"
"963","лекарственн","дәрілік"
"964","рекламн","дәріптемелі"
"965","лекционн","дәрістік"
"966","традиционн","дәстүрлі"
"968","огромн","дәу"
"969","бедн","дәулетсіз"
"970","состоятельн","дәулетті"
"971","дебиторск","дебиторлық"
"972","терпелив","дегбірлі"
"973","нетерпелив","дегбірсіз"
"974","дедуктивн","дедуктивтік"
"975","декорационн","декорациялық"
"976","приземист","дембелше"
"977","опорн","демеу"
"978","демобилизованн","демобилизацияланған"
"979","демократическ","демократиялық"
"982","деморализованн","деморализацияланған"
"983","здоров","денелі"
"984","телесн","денелік"
"985","бестелесн","денесіз"
"986","депутатск","депутаттық"
"987","личн","дербес"
"988","отвлеченн","дерексіз"
"990","документальн","деректі"
"991","дефективн","дефективті"
"992","диалектическ","диалектикалық"
"993","диалектологическ","диалектологиялық"
"994","диалектн","диалектілік"
"995","диверсионн","диверсиялық"
"996","дидактическ","дидактикалық"
"997","крестьянск","диқандық"
"998","дискретн","дискреттік"
"999","груб","добал"
"1000","неуклюж","добалдай"
"1001","туп","доғал"
"1002","дозорн","дозоршы"
"1003","докторск","докторлық"
"1004","плюшев","доқаба"
"1005","озверел","долданған"
"1006","бешен","долы"
"1007","кругл","домалақ"
"1008","мешкообразн","дорбадай"
"1009","дружн","дос"
"1010","кругл","дөңгелек"
"1011","закругленн","дөңгелектенген"
"1012","бугрист","дөнді"
"1013","выпукл","дөңес"
"1015","груб","дөрекі"
"1016","загрубел","дөрекіленген"
"1017","грубоват","дөрекілеу"
"1018","драматическ","драмалық"
"1019","заколдованн","дуаланған"
"1020","лохмат","дудар"
"1021","взлохмаченн","дударланған"
"1022","праздн","думанды"
"1023","жадн","дүниеқорлық"
"1024","правильн","дұрыс"
"1025","улучш","дұрыстау"
"1026","враждебн","дұшпан"
"1027","сомнительн","дүдәмал"
"1028","полоумн","дүлей"
"1029","недозрел","дүмбілез"
"1030","знатн","дүмді"
"1031","припухл","дүмпіген"
"1032","жадн","дүниеқор"
"1033","корыстолюбив","дүниеқұмар"
"1034","всемирн","дүниелік"
"1035","залпов","дүркін"
"1036","взбудораженн","дүрліккен"
"1037","беззвучн","дыбыссыз"
"1038","звуков","дыбысты"
"1039","парен","дымдалған"
"1040","влажн","дымқыл"
"1042","разгульн","дырду"
"1043","красноречив","ділмар"
"1044","слаб","дімкәс"
"1045","верующ","діндар"
"1046","религиозн","діни"
"1048","дрожащ","дірілдеген"
"1049","ловк","ебдейлі"
"1050","неуклюж","ебдейсіз"
"1051","пожил","егде"
"1052","суверенн","егеменді"
"1053","посеянн","егілген"
"1054","давн","ежелгі"
"1055","забит","езілген"
"1056","угнетенн","езілуші"
"1057","бурн","екпінді"
"1058","безударн","екпінсіз"
"1059","двуличн","екіжүзді"
"1060","двухлетн","екіжылдық"
"1061","беременн","екіқабат"
"1062","двучленн","екімүшелік"
"1063","суетлив","елбелек"
"1064","бодр","елгезек"
"1065","заселенн","елді"
"1066","внимательн","елегіш"
"1067","пренебрежительн","елемеген"
"1069","заметн","елеулі"
"1070","буйн","елеуреген"
"1071","безлюдн","елсіз"
"1072","увлекающ","еліккіш"
"1073","подражающ","еліктеген"
"1074","заразительн","еліктеткіш"
"1075","подражательн","еліктеуіш"
"1076","манящ","еліктіргіш"
"1077","соблазнительн","еліктіретін"
"1078","легкомысленн","елірме"
"1079","лечебн","емдік"
"1080","дубов","еменді"
"1081","грудн","емізулі"
"1082","привольн","емін-еркін"
"1083","введенный","енгізілген"
"1084","будущ","ендігі"
"1085","широтн","ендік"
"1086","единоутробн","енелес"
"1087","бездеятельн","енжар"
"1088","запыхавш","ентіккен"
"1089","входящ","енуші"
"1090","трудолюбив","еңбеккер"
"1092","трудов","еңбекші"
"1094","трудолюбив","еңбекқұмар"
"1095","неуклюж","епсіз"
"1096","поворотлив","епті"
"1097","отважн","ер"
"1098","карликов","ергежейлі"
"1099","податлив","ергіш"
"1100","особенн","ерекше"
"1101","взросл","ересек"
"1102","возмужал","ересектенген"
"1103","забастовочн","ереуіл"
"1104","взросл","ержеткен"
"1105","бесстрашн","ержүрек"
"1106","растворим","еритін"
"1107","избалованн","ерке"
"1108","балованн","ерке-шора"
"1109","вольн","еркін"
"1110","возмутительн","ерсі"
"1111","безмужн","ерсіз"
"1112","ранн","ерте"
"1113","древн","ертедегі"
"1114","утренн","ертелік"
"1115","завтрашн","ертеңгі"
"1116","оседланн","ерттелген"
"1117","растворенн","еріген"
"1118","растворим","ерігіш"
"1119","вольн","ерікті"
"1121","губн","еріндік"
"1122","ленив","еріншек"
"1123","топлен","еріткен"
"1124","растворенн","ерітілген"
"1125","безумн","есалаң"
"1126","повзрослевш","есейген"
"1127","благополучн","есен"
"1128","расчетлив","есепқой"
"1129","безотчетн","есепсіз"
"1130","рассчитанн","есептелген"
"1131","счетн","есептік"
"1132","расчетлив","есепшіл"
"1133","предупредительн","ескертетін"
"1134","упомянут","ескертілген"
"1135","стар","ескі"
"1136","устаревш","ескірген"
"1137","бессознательн","ессіз"
"1138","благоразумн","есті"
"1139","безумн","есуас"
"1140","вит","есулі"
"1142","мясистый","етті"
"1143","безглагольн","етістіксіз"
"1144","никак","ешқандай"
"1145","дик","жабайы"
"1147","необорудованн","жабдықсыз"
"1148","обородуванн","жабдықты"
"1150","незакрыт","жабусыз"
"1151","закрыт","жабық"
"1152","исхудал","жабыққан"
"1154","закрывающ","жабылмалы"
"1155","уныл","жабыңқы"
"1156","подавленн","жабыраңқы"
"1157","тосклив","жабырқаған"
"1159","липк","жабысқақ"
"1160","приклеенн","жабыстырылған"
"1161","пляжн","жағажайлық"
"1162","запачканн","жағал"
"1163","берегов","жағалық"
"1164","благоприятн","жағдайлы"
"1165","неблагоприятн","жағдайсыз"
"1166","приятн","жағымды"
"1167","угодлив","жағымпаз"
"1168","неприятн","жағымсыз"
"1169","карательн","жазалайтын"
"1170","виновн","жазалы"
"1171","невиновн","жазасыз"
"1172","письменн","жазбаша"
"1173","летн","жазғы"
"1174","пострадавш","жазғырылған"
"1175","летн","жаздық"
"1176","тепл","жазира"
"1177","написанн","жазулы"
"1178","безвинн","жазықсыз"
"1179","плосковат","жазықтау"
"1180","виноват","жазықты"
"1181","написанн","жазылған"
"1182","цветущ","жайқалған"
"1183","удобн","жайлы"
"1184","сверкающ","жайнаған"
"1185","неудобн","жайсыз"
"1186","распространенн","жайылған"
"1187","улучшенн","жақсартылған"
"1188","хорош","жақсы"
"1189","безличн","жаксыз"
"1190","сторонн","жақтық"
"1191","близк","жақын"
"1192","ближайш","жақында"
"1193","близлежащ","жақындағы"
"1194","оклеветанн","жалалы"
"1196","гол","жалаңаш"
"1197","раздет","жалаңаштанған"
"1198","раздет","жалаңаштандырылған"
"1200","бессоюзн","жалғаулықсыз"
"1201","соединяющ","жалғаушы"
"1202","одинок","жалғыз"
"1204","наемн","жалдамалы"
"1205","ленив","жалқау"
"1206","единственн","жалқы"
"1207","плоск","жалпақ"
"1208","расплюснут","жалпиған"
"1209","общ","жалпы"
"1210","обобщающ","жалпылағыш"
"1211","общ","жалпылық"
"1212","запуганн","жалтақ"
"1213","нерешительн","жалтақтағыш"
"1214","увертлив","жалтарғыш"
"1215","блестящ","жалтыр"
"1216","блестящ","жалтырауық"
"1217","утомительн","жалықтыратын"
"1218","воспламенн","жалындаған"
"1219","зажигательн","жалынды"
"1220","умоляющ","жалынушы"
"1221","независим","жалынышсыз"
"1222","зависим","жалынышты"
"1223","залатанн","жамалған"
"1224","плох","жаман"
"1225","касательн","жанама"
"1226","огненн","жанарлы"
"1227","прикосновенн","жанасқан"
"1228","сочувствующ","жанашыр"
"1229","негорюч","жанбайтын"
"1230","возгораем","жанғыш"
"1231","жив","жанды"
"1232","скандальн","жанжалды"
"1233","отважн","жанқиярлық"
"1234","раздавленн","жаншылған"
"1235","нов","жаңа"
"1236","упомят","жаңағы"
"1237","обновленн","жаңартылған"
"1238","дождлив","жаңбырлы"
"1239","ошибочн","жаңсақ"
"1240","массов","жаппай"
"1241","смежн","жапсарлас"
"1242","обшивн","жапсырмалы"
"1243","лиственн","жапырақты"
"1244","раненн","жарақатты"
"1245","ранен","жаралы"
"1246","негодн","жарамсыз"
"1247","достойн","жарарлық"
"1248","неподходящ","жарастықсыз"
"1249","подходящ","жарастықты"
"1250","ладн","жарасымды"
"1251","неподходящ","жарасымсыз"
"1252","созданн","жаратылған"
"1253","значительн","жаратымды"
"1254","взрывн","жаратын"
"1255","природн","жаратынды"
"1256","взрывн","жарғыш"
"1257","блестящ","жарқылдағыш"
"1258","сверкающ","жарқылдақ"
"1259","светл","жарқын"
"1260","блестящ","жарқыраған"
"1261","бедн","жарлы"
"1262","приказн","жарлықты"
"1263","разрезн","жарма"
"1264","хватающ","жармасатын"
"1265","рекламн","жарнамалық"
"1266","взрывчат","жарылатын"
"1267","взрывн","жарылғыш"
"1268","благодетельн","жарылқайтын"
"1269","полоумн","жарым"
"1271","значительн","жарытымды"
"1272","пустяков","жарытымсыз"
"1273","юн","жас"
"1274","сделанн","жасалған"
"1275","созидающ","жасампаз"
"1276","искусственн","жасанды"
"1277","разукрашенн","жасандырылған"
"1278","приготовленн","жасаулы"
"1279","производящ","жасаушы"
"1280","стеснительн","жасқаншақ"
"1281","заплаканн","жастанған"
"1282","молод","жастық"
"1283","забит","жасыған"
"1284","безвольн","жасық"
"1285","зелен","жасыл"
"1286","скрыт","жасырылған"
"1287","тайн","жасырын"
"1288","заученн","жаттанды"
"1289","тренировочн","жаттығатын"
"1292","склонн","жатық"
"1293","нелюдим","жатырқағыш"
"1294","привязчив","жатырқамайтын"
"1295","ответственн","жауапкер"
"1298","безответственн","жауапсыз"
"1299","ответственн","жауапты"
"1300","отважн","жаужүрек"
"1301","плечист","жаурынды"
"1302","зловредн","жауыз"
"1303","дождлив","жауын-шашынды"
"1304","воинск","жауынгерлік"
"1305","плечист","жауырынды"
"1306","пеш","жаяу"
"1307","вспомогательн","жәрдемші"
"1308","запряженн","жегілген"
"1309","прожорлив","жегіш"
"1310","скор","жедел"
"1311","латунн","жезді"
"1312","съедобн","жейтін"
"1313","личн","жеке"
"1314","раздельн","жеке-жеке"
"1315","индивидуальн","жекеленген"
"1316","противн","жексұрын"
"1317","быстроног","желаяқ"
"1318","рысист","желгіш"
"1319","ветренн","желді"
"1320","парусн","желкенді"
"1321","ветрен","желпілдек"
"1322","безветренн","желсіз"
"1323","возбуждающ","желіктіруші"
"1324","липк","желімді"
"1325","жадн","жемқор"
"1326","зобаст","жемсаулы"
"1327","кормов","жемшөптік"
"1328","плодо-ягодн","жеміс-жидек"
"1329","бесплодн","жеміссіз"
"1330","продуктивн","жемісті"
"1331","победивш","жеңген"
"1332","легк","жеңіл"
"1333","смягчающ","жеңілдететін"
"1334","льготн","жеңілдікті"
"1335","непобедим","жеңілмейтін"
"1336","легкомысленн","жеңілтек"
"1337","непобедим","жеңімпаз"
"1338","победн","жеңістік"
"1339","подземн","жерастылық"
"1340","локальн","жергілікті"
"1341","брезглив","жеркеншек"
"1343","отвратительн","жеркенішті"
"1344","безземельн","жерсіз"
"1345","достаточн","жетерлік"
"1346","бестолков","жетесіз"
"1347","зрел","жеткен"
"1348","недостаточн","жеткіліксіз"
"1349","достаточн","жеткілікті"
"1350","недостающ","жетпейтін"
"1351","благоразумн","жетік"
"1352","успешн","жетістікті"
"1353","прибрежн","жиегіндегі"
"1354","подборочн","жинақтағыш"
"1355","собранн","жинақталған"
"1356","аккуратн","жинақты"
"1357","собранн","жинақы"
"1358","сборн","жиналмалы"
"1359","рыж","жирен"
"1360","отвратительн","жиренішті"
"1361","густой","жиі"
"1362","учащенны","жиілеген"
"1363","собранн","жиюлы"
"1364","несобранн","жиюсыз"
"1365","проектн","жобалы"
"1366","потерянн","жоғалған"
"1368","верхн","жоғарғы"
"1369","высш","жоғары"
"1370","сокрушительн","жойқын"
"1371","уничтоженн","жойылған"
"1372","успешн","жолды"
"1373","бездорожн","жолсыз"
"1374","щедр","жомарт"
"1375","расточн","жонғыш"
"1376","тесан","жонылған"
"1377","строгальн","жоңғыш"
"1378","стружков","жоңқалы"
"1379","планов","жоспарлы"
"1380","беспланов","жоспарсыз"
"1381","хребетн","жоталы"
"1382","уничтожающ","жоятын"
"1383","справн","жөндеген"
"1384","ремонтн","жөндейтін"
"1385","исправленн","жөнделген"
"1386","отремонтированн","жөндеулі"
"1387","ладн","жөнді"
"1388","неправильн","жөнсіз"
"1389","толст","жуан"
"1390","спокойн","жуас"
"1391","моющ","жуғыш"
"1392","полынн","жусанды"
"1393","выстиранн","жуулы"
"1394","моющи","жуушы"
"1395","питательн","жұғымды"
"1396","непитательн","жұғымсыз"
"1397","маленьк","жұдырықтай"
"1398","тонк","жұқа"
"1399","зараженн","жұққан"
"1401","заразн","жұқпалы"
"1402","зараженн","жұқтырған"
"1403","пятничн","жұмалық"
"1404","мягк","жұмсақ"
"1405","смягчающ","жұмсататын"
"1406","зажмуренн","жұмулы"
"1407","овальн","жұмыр"
"1408","яйценоск","жұмыртқалағыш"
"1409","безработн","жұмыссыз"
"1410","рабоч","жұмысшы"
"1411","четн","жұп"
"1412","ароматн","жұпардай"
"1413","прост","жұпыны"
"1414","голодн","жұтаң"
"1415","необузданн","жүгенсіз"
"1416","кукурузн","жүгерлі"
"1418","истощенн","жүдеу"
"1419","подл","жүзікаралық"
"1420","системн","жүйелі"
"1421","необоснованн","жүйесіз"
"1422","быстр","жүйрік"
"1424","нагруженн","жүктеулі"
"1425","беременн","жүкті"
"1426","призов","жүлделі"
"1427","шерстян","жүнді"
"1428","бессердечн","жүрексіз"
"1429","беспокойн","жыбырлақ"
"1430","плаксив","жылауық"
"1431","быстр","жылдам"
"1432","скоростн","жылдамдықты"
"1433","годов","жылдық"
"1434","передвижн","жылжымалы"
"1435","скользк","жылмақай"
"1436","юрк","жылмаң"
"1437","ловк","жылпос"
"1439","блестящ","жылтыр"
"1440","сверкающ","жылтырақ"
"1441","блестящ","жылтырауық"
"1442","тепл","жылы"
"1443","сумасшедш","жынданған"
"1444","сумасшедш","жынды"
"1445","полов","жыныс"
"1446","беспол","жыныссыз"
"1447","хищн","жыртқыш"
"1448","рван","жыртық"
"1449","шелков","жібек"
"1450","отправн","жіберілетін"
"1451","размягченн","жібіген"
"1452","упорн","жігерлі"
"1453","слабовольн","жігерсіз"
"1454","тонк","жіңішке"
"1455","утонченн","жіңішкертілген"
"1456","стройн","жіптіктей"
"1457","бдительн","жіті"
"1458","ядовит","занарлы"
"1459","искалеченн","зағыптандырылған"
"1460","поврежденн","зақымданған"
"1461","убыточн","залалды"
"1462","безвредн","залалсыз"
"1463","коварн","залым"
"1464","узаконенн","заңдастырылған"
"1465","законн","заңды"
"1466","беззаконн","заңсыз"
"1467","запасн","запастағы"
"1468","вредн","зарарлы"
"1470","безвредн","зарарсыз"
"1471","уныл","зарлы"
"1472","вещественн","заттай"
"1473","овеществленн","заттанған"
"1474","вещественн","заттық"
"1475","жесток","зәлім"
"1476","ядовит","зәрлі"
"1477","внимательн","зейінді"
"1478","невнимательн","зейінсіз"
"1479","высок","зеңгір"
"1480","благоразумн","зерделі"
"1481","бестолков","зердесіз"
"1482","сообразительн","зерек"
"1483","исследованн","зерттелген"
"1484","почтенн","зиялы"
"1485","вредн","зиянды"
"1486","безвредн","зиянсыз"
"1487","зоологическ","зоологиялық"
"1488","больш","зор"
"1489","гудящ","зуылдақ"
"1490","жесток","зұлым"
"1491","тяжел","зілді"
"1492","незлопамятн","зілсіз"
"1493","скромный","ибадат"
"1494","вежлив","ибалы"
"1495","нескромн","ибасыз"
"1496","осваивающ","игеруші"
"1497","неосвоенн","игерілмеген"
"1498","благородн","игі"
"1499","благородн","игілікті"
"1500","идеальн","идеалды"
"1501","идеалистическ","идеалистік"
"1502","идеологическ","идеологиялық"
"1503","идейн","идеялы"
"1504","безыдейн","идеясыз"
"1505","идиоматическ","идиомалық"
"1506","безхозяйственн","иесіз"
"1507","способн","икемді"
"1508","неловк","икемсіз"
"1509","неприспособленн","икемсізденген"
"1510","дублен","иленген"
"1511","согнут","имек"
"1512","робк","именшек"
"1513","империялистическ","империалистік"
"1514","импортн","импорттық"
"1515","невоспитанн","инабатсыз"
"1516","скромн","инабатты"
"1517","индексн","индекстік"
"1518","индуктивн","индукциялық"
"1519","инженерн","инженерлік"
"1520","инспектирующ","инспекциялаушы"
"1521","интегральн","интегралдық"
"1523","интеллектуальн","интеллектуалды"
"1524","интервальн","интервалды"
"1525","зигзагообразн","ирек"
"1526","извилист","иректі"
"1527","иррациональн","иррационалдық"
"1528","ирригационн","ирригациялық"
"1529","испанск","испан"
"1530","плечист","иықты"
"1531","изогнут","иілген"
"1532","сгибаем","иілгіш"
"1533","гибк","иілмелі"
"1534","пластичн","иілімді"
"1535","вонюч","иістенген"
"1536","пахнущ","иісті"
"1537","календарн","календарлық"
"1538","калорийн","калориялы"
"1539","канализационн","канализациялық"
"1540","кандидатск","кандидаттық"
"1541","капитальн","капиталдық"
"1542","капиталистическ","капиталистік"
"1543","кассовый","кассалық"
"1544","опасн","кәдік"
"1545","обычн","кәдімгі"
"1546","данн","кәзіргі"
"1547","совершеннолетн","кәмелеттік"
"1548","стар","кәрі"
"1549","профессиональн","кәсіби"
"1550","предпринимательск","кәсіпкерлік"
"1551","профессиональн","кәсіптік"
"1552","профессионально-техническ","кәсіптік-техникалық"
"1553","квалифицированн","квалификациялы"
"1554","неквалифицированн","квалификациясыз"
"1555","бедн","кедей"
"1556","безпрепятственн","кедергісіз"
"1558","неровн","кедір-бұдырлы"
"1559","капризн","кежір"
"1560","случайн","кездейсоқ"
"1561","текущ","кезектегі"
"1562","перемежающ","кезектесетін"
"1563","очередн","кезекті"
"1564","дежурн","кезекші"
"1565","бескровн","кезерген"
"1566","некий","кей"
"1567","некотор","кейбір"
"1569","обидчив","кейігіш"
"1570","последующ","кейінгі"
"1571","красив","кейіпті"
"1572","безобразн","кейіпсіз"
"1573","ехидн","кекеткіш"
"1574","беззлобн","кексіз"
"1575","обидчив","кектенгіш"
"1576","злобн","кекті"
"1577","злопамятн","кекшіл"
"1578","некрасив","келбетсіз"
"1579","благообразн","келбетті"
"1580","приезж","келген"
"1581","предстоящ","келесі"
"1582","будущ","келешек"
"1583","коротк","келте"
"1585","согласованн","келіскен"
"1586","несоответствующ","келіссіз"
"1587","подходящ","келісті"
"1588","согласованн","келісілген"
"1589","несогласованн","келісілмеген"
"1590","зрелый","кемелденген"
"1591","судов","кемелік"
"1592","уменьшающ","кемитін"
"1593","униженн","кемсінген"
"1594","унизительн","кемсітетін"
"1595","убог","кемтар"
"1596","безошибочн","кемшіліксіз"
"1597","уменьшенн","кеміген"
"1598","презрительн","кеміткен"
"1599","убавленн","кемітілген"
"1600","сытн","кенеулі"
"1601","младш","кенже"
"1602","просторн","кең"
"1603","канцелярск","кеңсе"
"1604","высохш","кепкен"
"1605","сушен","кептірген"
"1606","сушильн","кептіретін"
"1607","высушенн","кептірілген"
"1608","гарантийн","кепілдемелік"
"1609","противоположн","кереғар"
"1610","ненужн","керексіз"
"1611","необходим","керекті"
"1612","глух","керең"
"1613","обратн","кері"
"1614","растянут","керілген"
"1615","больн","кеселді"
"1616","режущ","кесетін"
"1617","красив","кескінді"
"1618","некрасив","кескінсіз"
"1619","режущ","кескіш"
"1620","расшит","кестеленген"
"1621","вышит","кестелі"
"1622","срезанн","кесілген"
"1623","решительн","кесімді"
"1624","вредн","кесірлі"
"1625","ушедш","кеткен"
"1626","беззуб","кетік"
"1627","грудаст","кеуделі"
"1628","вчерашн","кешегі"
"1629","комплексный","кешенді"
"1630","вечерн","кешкі"
"1631","опоздавш","кешіккен"
"1632","задержанн","кешіктірілген"
"1633","тяжк","кешірілмейтін"
"1634","преподобн","киелі"
"1635","войлочн","киіз"
"1636","классическ","классикалық"
"1637","бесклассов","классыз"
"1638","коллективн","коллективтік"
"1639","колоратурн","колоратуралық"
"1640","межколхозн","колхозаралық"
"1641","командный","командалық"
"1642","комбинаторн","комбинаторлық"
"1643","комбинированн","комбинацияланған"
"1645","комиссионн","комиссиялық"
"1646","коммерческ","коммерциялық"
"1647","коммунальн","коммуналдық"
"1648","коммунистическ","коммунистік"
"1649","комплексн","комплексті"
"1650","консервативн","консерваторлық"
"1651","конструктивн","конструктивті"
"1652","континентальн","континенттік"
"1653","концертн","концерттік"
"1654","кооперативн","кооперативтік"
"1655","космическ","космостық"
"1656","возрастающ","көбеюші"
"1657","пенист","көбіктенген"
"1659","заплесневел","көгерген"
"1660","голуб","көгілдір"
"1661","прицельн","көзделетін"
"1663","безглаз","көзсіз"
"1664","знаком","көзтаныс"
"1665","очкаст","көзілдірікті"
"1666","син","көк"
"1667","важн","көкейтесті"
"1668","заветн","көкейіндегі"
"1669","бесстрашн","көкжал"
"1670","весенн","көктемгі"
"1672","голубоват","көкшіл"
"1673","горд","көкірек"
"1675","объемн","көлемді"
"1676","тенев","көлеңке"
"1678","тенист","көлеңкелі"
"1679","помогающ","көмектесуші"
"1680","неясн","көмескі"
"1681","углеродн","көміртекті"
"1682","непокорн","көнбейтін"
"1683","терпелив","көнбіс"
"1684","податлив","көнгіш"
"1685","стар","көне"
"1686","архаическ","көнелік"
"1687","застарел","көнерген"
"1688","примирительн","көнерлік"
"1689","стареньк","көнетоз"
"1690","терпелив","көнімпаз"
"1691","повеселевш","көңілденген"
"1692","веселящ","көңілдендіретін"
"1693","весел","көңілді"
"1694","невесел","көңілсіз"
"1696","взбит","көпсітілген"
"1697","пенист","көпіргіш"
"1698","пенящий","көпіретін"
"1699","пенист","көпіршіген"
"1700","благовоспитанн","көргенді"
"1701","невоспитанн","көргенсіз"
"1703","зорк","көреген"
"1704","зрительн","көретін"
"1705","прекрасн","көркем"
"1706","видн","көрнекті"
"1707","изобразительн","көрнекі"
"1708","показывающ","көрсетуші"
"1709","показательн","көрсетімдік"
"1710","соседн","көршілес"
"1711","уродлив","көріксіз"
"1712","красив","көрікті"
"1713","наблюдательн","көрімпаз"
"1714","замеченн","көрінген"
"1715","видим","көрінетін"
"1716","фрагментарн","көріністік"
"1717","истощенн","көтерем"
"1718","повышенн","көтерілген"
"1719","приподнят","көтеріліңкі"
"1720","возвыщенн","көтеріңкі"
"1721","уличн","көшедегі"
"1722","кочев","көшпелі"
"1723","перевезенн","көшірілген"
"1724","криминальн","криминалдық"
"1725","кристаллическ","кристалды"
"1726","подозрительн","күдікті"
"1727","скорбленн","күдіс"
"1728","осенн","күзгі"
"1730","стрижен","күзелген"
"1731","сторожев","күзеттік"
"1732","нервн","жүйке"
"1733","пригорел","күйген"
"1734","возгораем","күйгіш"
"1735","жгуч","күйдіргі"
"1736","зажигательн","күйдіргіш"
"1737","жгуч","күйдіретін"
"1738","невзрачн","күйкі"
"1739","упитанн","күйлі"
"1740","огнеупорн","күймейтін"
"1741","погибш","күйреген"
"1742","горестн","күйінішті"
"1743","фиолетов","күлгін"
"1744","зольн","күлді"
"1745","смешн","күлдіргі"
"1746","смешлив","күлдіретін"
"1747","смешн","күлкілі"
"1748","пушист","күлтелі"
"1749","разуверенн","күманданған"
"1750","сомнительн","күмәнді"
"1751","несомнен","күмәнсіз"
"1752","сребровидн","күмістей"
"1753","среброносн","күмісті"
"1754","грешн","күнәқар"
"1755","виновн","күнәлі"
"1756","невиновн","күнәсіз"
"1758","ежедневн","күнделікті"
"1759","дневн","күндізгі"
"1760","завистлив","күншіл"
"1761","неясн","күңгірт"
"1762","сложн","күрделі"
"1763","ожидающ","күтуші"
"1764","бессильн","күшсіз"
"1765","сильн","күшті"
"1766","нерешительн","кібіртік"
"1767","заперт","кілтті"
"1768","безпупочн","кіндіксіз"
"1769","грязн","лас"
"1771","чист","таза"
"1772","безупречн","кіршіксіз"
"1773","зависим","кіріптар"
"1774","книжн","кітаби"
"1776","маленьк","бармақтай"
"1777","младш","кіші"
"1778","скромн","кішіпейіл"
"1779","уменьшенн","кішірейген"
"1780","уменьшенн","кішірейтілген"
"1781","густ","қаба"
"1782","зл","қабаған"
"1783","густобров","қабақты"
"1784","тыквоподобн","қабақтай"
"1785","вздут","қабарған"
"1786","восприимчив","қабылдампаз"
"1787","ребрист","қабырғалы"
"1788","чешуйчат","қабыршақты"
"1789","сомкнут","қабыстырылған"
"1790","бездарн","қабілетсіз"
"1791","способн","қабілетті"
"1792","забит","қағылған"
"1793","шустр","қағылез"
"1794","уважаем","қадірдан"
"1795","почетн","қадірлі"
"1796","малоценн","қадірсіз"
"1797","ненужн","қажетсіз"
"1798","нужн","қажетті"
"1799","утомленн","қажыған"
"1800","упорн","қажымайтын"
"1801","неутомим","қажымас"
"1802","упорн","қажырлы"
"1803","слаб","қажырсыз"
"1804","утомительн","қажытатын"
"1805","казахстанск","қазақстандық"
"1806","казахск","қазақы"
"1807","смертн","қазалы"
"1808","большеголов","қазанбас"
"1809","заковырист","қазбалағыш"
"1810","выкопанн","қазулы"
"1811","вырыт","қазылған"
"1812","ценн","қазыналық"
"1813","ископаем","қазынды"
"1814","текущ","қазіргі"
"1815","печальн","қайғылы"
"1816","беззаботн","қайғысыз"
"1817","вогнут","қайқы"
"1818","кипячен","қайнатылған"
"1819","точильн","қайрайтын"
"1820","точен","қайралған"
"1821","слаб","қайратсыз"
"1822","сильн","қайратты"
"1823","беспощадн","қайрымсыз"
"1824","отважн","қайсар"
"1825","повторн","қайталанған"
"1826","безвозвратн","қайтарылмайтын"
"1827","возвращенн","қайтқан"
"1828","упорн","қайтпайтын"
"1829","неуступчив","қайтпас"
"1830","уступчив","қайтымды"
"1831","березов","қайыңды"
"1832","благотворн","қайырлы"
"1833","обратн","қайырмалы"
"1834","бездушн","қайырсыз"
"1835","великодушн","қайырымды"
"1836","беспощадн","қайырымсыз"
"1837","жалостлив","қайырымшыл"
"1838","несгибаем","қайыспас"
"1839","сушен","қақталған"
"1840","распорот","қақыраған"
"1841","межгородн","қалааралық"
"1842","городск","қалалық"
"1843","писательск","қаламгерлік"
"1844","почетн","қалаулы"
"1845","суетлив","қалбалақ"
"1846","шутлив","қалжыңшыл"
"1847","уставш","қалжыраған"
"1848","хвойн","қалқанды"
"1849","плавуч","қалқымалы"
"1850","сумчат","қалталы"
"1851","зыбк","қалтылдақ"
"1852","трепетн","қалтыраған"
"1853","судорожн","қалшылдаған"
"1854","густ","қылың"
"1855","укоренивш","қалыптасқан"
"1856","нормальн","қалыпты"
"1857","заключенн","қамалған"
"1858","парчов","қамқалы"
"1859","внимательн","қамқор"
"1860","беспризорн","қамқорсыз"
"1861","раздут","қампайған"
"1862","взбит","қампайтылған"
"1863","раздут","қампиған"
"1864","беззаботн","қамсыз"
"1865","тосклив","қамыққан"
"1866","тростников","қамысты"
"1867","жадн","қанағатсыз"
"1868","удовлетворительн","қанағаттанарлық"
"1869","удовлетворенн","қанағаттанған"
"1870","довольствующ","қанағатшыл"
"1871","бескрыл","қанағатсыз"
"1872","крылат","қанатты"
"1873","как","қандай"
"1874","кровав","қанды"
"1876","кровожадн","қанқұмар"
"1877","безкровн","қансыз"
"1878","засахаренн","қантталған"
"1879","благоприятн","қаныбет"
"1880","насыщенн","қанық"
"1881","кровожадн","қанішер"
"1882","легк","қаңбақтай"
"1883","блуждающ","қаңғыма"
"1884","расстроенн","қапаланған"
"1885","опечаленн","қапалы"
"1886","беспечн","қаперсіз"
"1887","знойн","қапырықты"
"1888","черн","қара"
"1889","бесчестн","қарабет"
"1890","жесток","қаражүрек"
"1891","затемненн","қарайтылған"
"1892","чернобур","қаракүрең"
"1893","рассмотренн","қаралған"
"1894","траурн","қаралы"
"1895","противоположн","қарама-қайшы"
"1896","противоположн","қарама-қарсы"
"1897","темн","қараңғы"
"1898","прост","қарапайым"
"1899","черномаз","қарасұр"
"1900","смугл","қараторы"
"1901","бесконтрольн","қараусыз"
"1902","сумеречн","қарауытқан"
"1903","маленьк","қарғадай"
"1904","финансово-кредитн","қаржы-несие"
"1905","раскатист","қарқылдаған"
"1906","интенсивн","қарқынды"
"1907","снежн","қарлы"
"1908","хрипловат","қарлығыңқыраған"
"1909","хрипл","қарлыққан"
"1910","бесснежн","қарсыз"
"1911","устаревш","қартайған"
"1912","постаревш","қартаң"
"1913","старческ","қарттық"
"1914","вооруженн","қару-жарақты"
"1917","безоружны","қарусыз"
"1918","малолетн","қаршадай"
"1919","заемн","қарыздық"
"1920","сильн","қарымды"
"1921","бесприютн","қарып"
"1922","проклят","қарысқыр"
"1923","зловредн","қасақы"
"1924","недостойн","қасиетсіз"
"1925","благодатн","қасиетті"
"1926","зловредн","қаскүнем"
"1927","лыс","қасқа"
"1928","безбров","қассыз"
"1929","заговорщическ","қастанды"
"1930","прискорбн","қасіретті"
"1931","затвердел","қатайған"
"1932","жесток","қатал"
"1933","твердоват","қатаң"
"1934","рядов","қатардағы"
"1935","ошибочн","қате"
"1937","зловещ","қатерлі"
"1938","безопасн","қатерсіз"
"1939","безошибочн","қатесіз"
"1940","шершав","қатпарлы"
"1941","крепк","қатты"
"1942","бессердечн","қатыгез"
"1943","связн","қатынастырушы"
"1944","замороженн","қатырылған"
"1945","участвующ","қатысатын"
"1947","причастн","қатысты"
"1948","расшатанн","қаусаған"
"1949","срочн","қауырт"
"1950","рискованн","қауіп-қатерлі"
"1951","спокойн","қауіп-қатерсіз"
"1952","безопасн","қауіпсіз"
"1953","застрахованн","қауіпсіздендірілген"
"1954","опасн","қауіпті"
"1955","грозн","қаһарлы"
"1956","героическ","қаһарман"
"1957","давн","қашанғы"
"1958","далек","қашық"
"1959","наклонн","қиғаш"
"1960","прилаженн","қималы"
"1961","дорог","қимас"
"1962","неподвижн","қимылсыз"
"1963","измученн","қиналған"
"1964","разрушенн","қираған"
"1965","неразрушим","қирамайтын"
"1966","разрушительн","қиратқыш"
"1967","разрушенн","қиратылған"
"1968","искривленн","қисайған"
"1969","искривленн","қисаңдаған"
"1970","крив","қисық"
"1971","логичн","қисынды"
"1972","бессвязн","қисынсыз"
"1973","косоглаз","қитар"
"1974","пересеченн","қиылысқан"
"1975","сложн","қиын"
"1976","критическ","қиын-қыстау"
"1977","трудноват","қиындау"
"1978","далек","қиыр"
"1979","зернист","қиыршықты"
"1980","воображаем","қиялдағы"
"1981","романтическ","қиялшыл"
"1982","безобидн","қиянатсыз"
"1983","бесчестн","қиянатшыл"
"1984","упрям","қиянкес"
"1985","непослушн","қияңқы"
"1986","общественн","қоғамдық"
"1987","мохнат","қожалақ"
"1988","шершав","қожыр"
"1989","разболтанн","қожыраған"
"1990","возбудим","қозатын"
"1991","ходов","қозғалғыш"
"1992","неподвижн","қозғалмайтын"
"1993","переносн","қозғалмалы"
"1994","возбуждающ","қоздырма"
"1995","возбужденн","қоздырылған"
"1996","поставленн","қойылған"
"1997","засоренн","қоқырсыған"
"1998","бронзов","қола"
"1999","подходящ","қолайлы"
"2000","неблагоприятн","қолайсыз"
"2001","прикладн","қолданбалы"
"2002","применим","қолданылатын"
"2003","употребленн","қолданылған"
"2004","ремесленн","қолөнерлік"
"2005","безрук","қолсыз"
"2006","жадн","қомағай"
"2007","весом","қомақты"
"2008","гостеприимн","қонақшыл"
"2009","подходящ","қонымды"
"2010","коричнев","қоңыр"
"2011","невзрачн","қораш"
"2012","беззащитн","қорғансыз"
"2013","несмел","қорғаншақ"
"2014","запаслив","қордалы"
"2015","питательн","қоректендіргіш"
"2016","труслив","қорқақ"
"2017","безопасн","қорқынышсыз"
"2018","опасн","қорқынышты"
"2019","страшноват","қорқыныштырақ"
"2020","тревожн","қорқытатын"
"2021","запаслив","қорлы"
"2022","охраняющ","қорушы"
"2023","огражденн","қоршалған"
"2024","испуганн","қорыққан"
"2025","бесстрашн","қорықпайтын"
"2026","завершенн","қорытылған"
"2028","запасн","қосалқы"
"2029","парн","қосарланған"
"2030","беспримесн","қоспасыз"
"2031","одобряющ","қостаушы"
"2032","присоединенн","қосылған"
"2033","дополнительн","қосымша"
"2034","чесоточн","қотырлы"
"2035","густ","қою"
"2036","сгущенн","қоюланған"
"2037","припадочн","қояншық"
"2038","ставн","қоятын"
"2039","хитр","қу"
"2040","радостн","қуанған"
"2041","безрадостн","қуанышсыз"
"2042","радостн","қуанышты"
"2043","засушлив","қуаң"
"2044","бледноват","қуарыңқы"
"2045","бессильн","қуатсыз"
"2046","могуч","қуатты"
"2047","бледноват","қуқыл"
"2048","лукав","қуланған"
"2049","бесхитростн","қулықсыз"
"2050","хитр","қулықты"
"2051","бодр","қунақ"
"2052","засохш","қураған"
"2053","бледн","құба"
"2054","неустойчив","құбылма"
"2055","переменчив","құбылмалы"
"2056","трубчат","құбырлы"
"2057","трубочн","құбырлық"
"2058","божественн","құдайшыл"
"2059","всемогущ","құдіретті"
"2060","толстокож","құйқалы"
"2061","переливчат","құйқылжыған"
"2062","бесхвост","құйрықсыз"
"2063","хвостат","құйрықты"
"2064","разливн","құйылмалы"
"2065","правомочн","құқықты"
"2066","падающ","құлайтын"
"2067","безух","құлақсыз"
"2068","падающ","құламалы"
"2069","песчан","құмақ"
"2071","азартн","құмартатын"
"2072","песчан","құмды"
"2073","плодородн","құнарлы"
"2074","неплодородн","құнарсыз"
"2075","ценн","құнды"
"2076","безценн","құнсыз"
"2077","беззаботн","құнтсыз"
"2078","засекреченн","құпияланған"
"2079","тростников","құрақты"
"2080","соединенн","құралған"
"2081","оснащенн","құралданған"
"2082","вооруженн","құралды"
"2083","безоружн","құралсыз"
"2084","комбинированн","құрама"
"2085","составн","құрамалы"
"2086","комбинированн","құрастырма"
"2087","составленн","құрастырылған"
"2088","сух","құрғақ"
"2089","уважаем","құрметті"
"2090","утробн","құрсағындағы"
"2091","уничтожающ","құртатын"
"2092","червив","құрттаған"
"2093","строительн","құрылыс"
"2094","строительн","құрылыстық"
"2095","тоскующ","құсалы"
"2096","рвотн","құстыратын"
"2097","несчастлив","құтсыз"
"2098","счастлив","құтты"
"2099","бешен","құтырған"
"2100","рассвирепевш","құтырынған"
"2101","заинтересованн","құштар"
"2102","упоительн","құшырлы"
"2103","лит","құюлы"
"2104","заправочн","құятын"
"2105","темпераментн","қызбалы"
"2106","разогрет","қызған"
"2107","завидн","қызғанарлық"
"2108","завистлив","қызғаншақ"
"2109","ревнив","қызғанышты"
"2110","розов","қызғылт"
"2111","согревающ","қыздыратын"
"2112","разогрет","қыздырылған"
"2113","служащ","қызметкер"
"2114","рабоч","қызметтегі"
"2115","услужли","қызметшіл"
"2116","заинтересованн","қызыққан"
"2117","любопытн","қызыққыш"
"2118","интересн","қызықты"
"2119","завлекательн","қызықтырарлық"
"2120","заманчив","қызықтыратын"
"2121","красн","қызыл"
"2122","тоненьк","қылдырықтай"
"2123","косоглаз","қыли"
"2124","хвойн","қылқанды"
"2126","уголовн","қылмыстық"
"2127","щетинист","қылшықты"
"2128","благовоспитанн","қылықты"
"2129","заигрывающ","қылымсыған"
"2130","дорог","қымбат"
"2131","подорожавш","қымбаттаған"
"2133","ноющ","қыңқылдаған"
"2134","визглив","қыңсылағыш"
"2136","вздорн","қыңыр"
"2137","ловк","қыран"
"2138","заиндевел","қыраулатқан"
"2139","режущ","қырқатын"
"2140","стрижен","қырқылған"
"2141","угловат","қырлы"
"2142","холмист","қырлық"
"2143","бесхребетн","қырсыз"
"2144","упрям","қырсықты"
"2145","неровн","қыртысты"
"2146","многочисленн","қыруар"
"2147","хрипл","қырылдаған"
"2148","тесн","қысаң"
"2149","зажимн","қысатын"
"2150","коротк","қысқа"
"2151","укороченн","қысқартылған"
"2152","кратк","қысқаша"
"2153","зимн","қысқы"
"2154","вводн","қыстырма"
"2155","узк","қысық"
"2156","затруднительн","қысылшаң"
"2157","щекотлив","қытықшыл"
"2158","скрыт","қытымыр"
"2159","хрустящ","қытырлақ"
"2160","кисл","қышқыл"
"2161","кисловат","қышқылтым"
"2162","зудящ","қышытпа"
"2163","лаборантск","лаборанттық"
"2164","лабораторн","лабораториялық"
"2165","рубинов","лағылды"
"2166","безвыходн","лажсыз"
"2167","грязев","лай"
"2168","грязн","лайлы"
"2169","мутн","лайсаң"
"2170","несоответствующ","лайықсыз"
"2171","подходящ","лайықты"
"2172","лакированн","лакты"
"2173","грязн","батпақ"
"2174","латинск","латын"
"2175","латинизированн","латынданған"
"2176","латышск","латыш"
"2178","титулованн","лауазымды"
"2179","приятн","ләззатты"
"2180","певуч","лебізді"
"2181","лексическ","лексикалық"
"2182","лексикологическ","лексикологиялық"
"2183","лексиографическ","лексиографиялық"
"2184","ленинск","лениндік"
"2185","восклицательн","лепті"
"2186","либеральн","либералдық"
"2187","безлимитн","лимитсіз"
"2188","лингвистическ","лингвистикалық"
"2189","лирическ","лирикалық"
"2190","литографск","литографиялық"
"2191","логическ","логикалы"
"2192","логическ","логикалық"
"2193","локальн","локальды"
"2194","тошнотн","лоқсытарлық"
"2195","магистральн","магистральдық"
"2196","известн","мағлұм"
"2197","неосведомленн","мағлұматсыз"
"2198","осведомленн","мағлұматты"
"2199","синонимическ","мағыналас"
"2200","смыслов","мағыналық"
"2201","бессмысленн","мағынасыз"
"2202","значим","мағыналы"
"2203","шутовск","мазақы"
"2204","беспокойн","мазасыз"
"2205","содержательн","мазмұнды"
"2206","бессмысленн","мазмұнсыз"
"2207","мелк","майда"
"2208","смазочн","майлайтын"
"2210","смазанн","майланған"
"2211","жирн","майлы"
"2212","косолап","маймақ"
"2213","неутомим","майталман"
"2214","искалеченн","майып"
"2215","гибк","майысқақ"
"2216","изогнут","майысқан"
"2217","согнут","майыстырылған"
"2218","максимальн","максималды"
"2219","бесцельн","мақсатсыз"
"2220","целесообразн","мақсаттағыдай"
"2221","целев","мақсатты"
"2222","хвален","мақталған"
"2223","ватн","мақталы"
"2224","хвастлив","мақтаншақ"
"2225","похвальн","мақтаулы"
"2226","утвердительн","мақұлдаған"
"2227","малахитов","малахитты"
"2228","проклят","малғұн"
"2229","зажиточн","малды"
"2230","пушист","мамық"
"2231","специализированн","мамандандырылған"
"2232","пушист","мамықты"
"2233","блаженн","мамыра"
"2234","тогдашн","манағы"
"2235","значительн","мандымды"
"2236","незначительн","мандымсыз"
"2237","манежн","манеждік"
"2238","властолюбив","мансапқор"
"2239","тщеславн","мансаптанған"
"2240","существенн","маңызды"
"2241","величав","маңғаз"
"2242","важн","маңғазданған"
"2243","близлежащ","маңдағы"
"2244","лобн","маңдай"
"2246","важн","маңызды"
"2247","неважн","маңызсыз"
"2248","значительн","мардымды"
"2249","незначительн","мардымсыз"
"2250","бисерн","маржанды"
"2252","милостив","мархабатты"
"2253","пьян","мас"
"2254","блаженн","масайраған"
"2255","хмельн","масайрататын"
"2256","радостн","масаттанған"
"2257","позорящ","масқаралайтын"
"2258","спутанн","матаулы"
"2259","материальн","материалдық"
"2260","материалистическ","материалистік"
"2261","матриархатн","матриархаттық"
"2262","сезонн","маусымды"
"2263","бесхлопотн","машақатсыз"
"2264","тренировочн","машықтандыратын"
"2265","культурн","мәдени"
"2266","некультурн","мәдениетсіз"
"2267","культурн","мәдениетті"
"2268","вынужденн","мәжбүр"
"2269","полоумн","мәжнүн"
"2270","восторженн","мәз-мәйрам"
"2271","известн","мәлім"
"2272","неизвестн","мәлімсіз"
"2273","однозначн","мәндес"
"2274","значим","мәнді"
"2275","выразительн","мәнерлі"
"2276","бессмысленн","мәнсіз"
"2277","вечн","мәңгі"
"2278","ухоженн","мәпелі"
"2279","щедр","мәрт"
"2280","уважаем","мәртебелі"
"2281","поговорочн","мәтелдік"
"2282","плодоносн","мәуелі"
"2283","единовременн","мезгілді"
"2284","безвременн","мезгілсіз"
"2286","гостеприимн","мейманшыл"
"2287","благожелательн","мейірбанды"
"2289","бездушн","мейірімсіз"
"2290","учрежденческ","мекемелік"
"2291","школьн","мектеп"
"2292","остолбеневш","мелшиген"
"2293","государственн","мемлекеттік"
"2294","тщеславн","менмен"
"2295","важн","менменсінген"
"2296","высокомерн","менменшіл"
"2297","презрительн","менсінбеген"
"2298","собственн","меншікті"
"2299","глух","меңіреу"
"2300","метк","мерген"
"2301","праздничн","мерекелік"
"2302","временн","мерзімді"
"2303","бессрочн","мерзімсіз"
"2304","метеорологическ","метеорологиялық"
"2305","методическ","методикалық"
"2306","механическ","механикалық"
"2307","ровн","мидай"
"2308","разумн","милы"
"2309","минн","миналы"
"2310","минеральн","минералды"
"2311","миниатюрн","миниатюралық"
"2312","министерск","министрлік"
"2313","минутн","минуттік"
"2314","безмозгл","мисыз"
"2315","мифологическ","мифологиялық"
"2316","шейн","мойын"
"2317","признанн","мойындаған"
"2318","спокойн","момақан"
"2319","тих","момын"
"2320","монолитн","монолиттік"
"2321","монополистическ","монополистік"
"2322","монопольн","монополиялық"
"2323","монументальн","монументалды"
"2324","моральн","моральдық"
"2325","хрупк","мортылдақ"
"2326","морфологическ","морфологиялық"
"2327","моторн","моторлы"
"2328","прозрачн","мөлдір"
"2329","ненормированн","мөлшерленбеген"
"2330","предельн","мөлшерлі"
"2331","безразмерн","мөлшерсіз"
"2332","музыкальн","музыкалық"
"2333","муниципальн","муниципалдық"
"2334","заледенел","мұздаған"
"2335","замороженн","мұздатылған"
"2336","леденист","мұзды"
"2337","ледников","мұздық"
"2338","нефтян","мұнайлы"
"2339","мглист","мұнарлы"
"2340","так","мұндай"
"2342","уныл","мұңды"
"2343","беспечн","мұңсыз"
"2344","наследственн","мұрагерлік"
"2347","безус","мұртсыз"
"2348","усат","мұртты"
"2349","носат","мұрынды"
"2350","заинтересованн","мүдделі"
"2351","непоколебим","мүдірмейтін"
"2352","рогат","мүйізді"
"2353","имущественный","мүліктік"
"2354","бездомн","мүсәпір"
"2355","ладн","мүсінді"
"2356","скульптурн","мүсіндік"
"2357","членск","мүшелік"
"2358","бедственн","мүшкіл"
"2359","крепк","мығым"
"2360","надоедлив","мыжың"
"2361","нерушим","мызғымас"
"2362","могуч","мықты"
"2363","болтлив","мылжың"
"2364","так","мынадай"
"2365","щедр","мырза"
"2366","цинков","мырышты"
"2367","обязательн","міндетті"
"2368","характерн","мінезді"
"2369","безхарактерн","мінезсіз"
"2370","безупречн","мінсіз"
"2371","придирчив","міншіл"
"2372","действительн","нағыз"
"2373","безграмотн","надан"
"2374","бесчестн","найсап"
"2375","возлюбленн","нақсүйер"
"2376","конкретн","нақты"
"2377","точн","нақтылы"
"2378","влажн","нам"
"2379","горд","намыскер"
"2380","самолюбив","камысқор"
"2381","постыдн","намыссыз"
"2382","честн","намысты"
"2383","хлебн","нан"
"2384","убежденн","нанған"
"2385","доверчив","нанғыш"
"2387","недовольн","наразы"
"2388","рыночн","нарықтық"
"2389","натуральн","натуралды"
"2390","больн","науқас"
"2391","плох","нашар"
"2392","чувствительн","нәзік"
"2393","алчн","нәпсіқұмар"
"2394","младенческ","нәрестелік"
"2395","питательн","нәрлі"
"2396","неплодотворн","нәрсіз"
"2397","расов","нәсілдік"
"2398","резульативн","нәтижелі"
"2399","безрезультативн","нәтижесіз"
"2400","всяк","небір"
"2401","главн","негізгі"
"2402","необоснованн","негізсіз"
"2403","обвенчанн","некелі"
"2404","подл","некес"
"2405","заемн","несиелік"
"2406","схематическ","нобайлы"
"2407","номинальн","номиналды"
"2408","ненормированн","нормаланбаған"
"2409","нормированн","нормаланған"
"2410","нормаль","нормалы"
"2411","пронумерованн","нөмірлі"
"2412","ливнев","нөсерлік"
"2413","лучист","нұрлы"
"2414","инструктивн","нұсқаулық"
"2415","точечн","нүктелі"
"2416","усиленн","нығайтылған"
"2417","плотн","нығыз"
"2418","спрессованн","нығыздалған"
"2419","прицельн","нысаналы"
"2420","бесцельн","нысанасыз"
"2421","неумеренн","нысапсыз"
"2422","скромн","нысапты"
"2423","межобластн","облысаралық"
"2424","образн","образды"
"2425","объективн","объективті"
"2427","объектн","объектілік"
"2428","странн","оғаш"
"2429","всесоюзн","одақтық"
"2430","груб","ожар"
"2431","опережающ","озық"
"2432","вдумчив","ойлампаз"
"2433","задуманн","ойланған"
"2434","обдуманн","ойланылған"
"2435","бессознательн","ойлаусыз"
"2436","вдумчив","ойлы"
"2437","умозрительн","оймен"
"2438","игрив","ойнақы"
"2439","погромн","ойранды"
"2440","бездумн","ойсыз"
"2441","задумчив","ойшаң"
"2444","прям","оқтай"
"2445","заряженн","оқталған"
"2447","образованн","оқыған"
"2448","необразованн","оқымаған"
"2450","неуклюж","олақ"
"2451","успешн","олжалы"
"2452","слаб","олқы"
"2453","беспозвоночн","омыртқасыз"
"2454","прав","оң"
"2455","легк","оңай"
"2456","уединенн","оңаша"
"2457","проклят","оңбаған"
"2458","приличн","оңды"
"2459","удобн","оңтайлы"
"2460","неудобн","оңтайсыз"
"2461","южн","оңтүстік"
"2462","неверн","опасыз"
"2463","оперативн","оперативті"
"2464","оптическ","оптикалық"
"2465","оптимистическ","оптимистік"
"2466","благоприятн","орайлы"
"2467","намотанн","оралған"
"2468","проворн","оралымды"
"2469","охватывающ","орамды"
"2470","завернут","ораулы"
"2471","органическ","органикалық"
"2472","оркестров","оркестрлік"
"2473","лесист","орманды"
"2474","безлесн","ормансыз"
"2475","расположенн","орналасқан"
"2477","установленн","орнатылған"
"2478","устойчив","орнықты"
"2479","местн","орнындағы"
"2480","средн","орта"
"2482","общ","ортақ"
"2483","центральн","орталық"
"2485","орфографическ","орфографиялық"
"2486","вскошенн","орылған"
"2487","исполним","орындаларлық"
"2488","исполненн","орындалған"
"2489","уместн","орынды"
"2490","русск","орыс"
"2491","хрупк","осал"
"2492","огненн","отты"
"2493","инкрустированн","оюланған"
"2494","орнаментальн","оюлы"
"2495","беспросыпн","оянусыз"
"2496","разбуженн","оятылған"
"2497","сводн","өгей"
"2498","решительн","өжет"
"2499","взаимный","өзара"
"2500","узбекск","өзбек"
"2501","друг","өзге"
"2502","изменчив","өзгергіш"
"2503","переменчив","өзгермелі"
"2504","изменчив","өзгерісті"
"2505","особ","өзгеше"
"2506","личн","өздік"
"2507","актуальн","өзекті"
"2508","самовлюбленн","өзімшіл"
"2509","своеобразн","өзіндік"
"2510","холодн","өкпек"
"2512","обиженн","өкпелі"
"2513","обидчив","өкпешіл"
"2514","властн","өктем"
"2515","уполномоченн","өкілетті"
"2516","властолюбив","өкіметшіл"
"2517","сожалеющ","өкінуші"
"2518","досадн","өкінішті"
"2519","погибш","өлген"
"2520","краев","өлкелік"
"2521","бессмертн","өлмейтін"
"2522","умирающ","өлмелі"
"2523","смертельн","өлтіретін"
"2524","убит","өлтірілген"
"2525","измерим","өлшемді"
"2526","неизмерим","өлшемсіз"
"2527","взвешенн","өлшенген"
"2528","развесн","өлшенетін"
"2529","измеренн","өлшеулі"
"2530","мертв","өлі"
"2532","дохл","өлімсек"
"2533","безжизненн","өлімсіреген"
"2534","пожизненн","өмірлік"
"2535","безжизненн","өмірсіз"
"2536","живуч","өміршең"
"2537","всхож","өнгіш"
"2538","производительн","өндіргіш"
"2539","производственн","өндірістік"
"2540","образцов","өнегелі"
"2541","безнравственн","өнегесіз"
"2543","промышленн","өнеркәсіптік"
"2544","умел","өнерлі"
"2545","искусн","өнерпаз"
"2546","производительн","өнімді"
"2547","бесплодн","өнімсіз"
"2548","шлифовальн","өңдейтін"
"2549","разработанн","өңделген"
"2550","необработанн","өңделмеген"
"2551","одноцветн","өңдес"
"2552","красив","өңді"
"2553","бесцветн","өңсіз"
"2554","груб","өрескел"
"2555","нерассудительн","өресіз"
"2556","развит","өркендеген"
"2557","цивилизованн","өркениетті"
"2558","горд","өркөкірек"
"2560","узорн","өрнекті"
"2561","сожженн","өртелген"
"2562","пригорел","өртенген"
"2563","увеличивающий","өршітуші"
"2564","быстрорастущ","өскелең"
"2565","возросш","өскен"
"2566","беспроцентн","өсімсіз"
"2567","возмещенн","өтелген"
"2568","пройденн","өткен"
"2569","предыдущ","өткендегі"
"2570","проводим","өткізетін"
"2571","кратковременн","өткінші"
"2572","остр","өткір"
"2573","точен","өткірленген"
"2574","туп","өтпейтін"
"2575","переходн","өтпелі"
"2576","ходов","өтімді"
"2577","неходов","өтімсіз"
"2578","лжив","өтірікші"
"2579","потухш","өшкен"
"2580","враждебн","өшпенді"
"2581","бессмертн","өшпес"
"2582","стерт","өшірілген"
"2583","использованн","пайдаланылған"
"2584","полезн","пайдалы"
"2585","бесполезн","пайдасыз"
"2586","толков","пайымды"
"2587","бедн","пақыр"
"2588","бесприютн","панасыз"
"2589","панорамн","панорамалық"
"2590","парламентск","парламенттік"
"2591","партизанск","партизандық"
"2592","безразличн","парықсыз"
"2593","беспаспортн","паспортсыз"
"2594","пассивн","пассивті"
"2595","пошл","пасық"
"2596","патентованн","патенттелген"
"2598","потологическ","патологиялық"
"2599","патриархальн","патриархалдық"
"2601","патриотическ","патриоттық"
"2602","беспорочн","пәк"
"2603","злостн","пәлеқор"
"2604","межпредметн","пәнаралық"
"2605","предметн","пәндік"
"2606","мощн","пәрменді"
"2607","беззаботн","пәруайсыз"
"2608","уговорн","пәтуәлі"
"2609","педагогическ","педагогикалық"
"2610","пейзажн","пейзаждық"
"2611","периодическ","периодты"
"2612","бесперспективн","перспективасыз"
"2613","пирамидальн","пирамидальды"
"2614","пластичн","пластикалық"
"2615","пневматическ","пневматикалы"
"2616","позитивн","позитивті"
"2617","позиционн","позициялық"
"2618","полков","полктық"
"2619","полякск","поляк"
"2620","постов","постық"
"2621","поэтическ","поэтикалық"
"2622","практическ","практикалық"
"2623","примитивн","примитивті"
"2624","принципиальн","принципті"
"2625","проблемн","проблемалы"
"2626","прогрессивн","прогрессивтік"
"2628","прозаическ","прозалық"
"2629","пропорциональн","пропорционалдық"
"2631","профилактическ","профилактикалық"
"2632","беспроцентн","процентсіз"
"2633","процентн","процентті"
"2634","психическ","психикалық"
"2635","психологическ","психологиялық"
"2636","безденежн","пұлсыз"
"2637","курнос","пұшық"
"2638","шустр","пысық"
"2639","варен","піскен"
"2640","сваренн","пісірілген"
"2641","кастрированн","піштірілген"
"2642","скроенн","пішілген"
"2643","стройн","пішінді"
"2644","нестройн","пішінсіз"
"2645","радиационный","радиациялық"
"2646","радикальн","радикалдық"
"2647","благодарн","разы"
"2648","удовлетворенн","рақаттанған"
"2649","милосердн","рақымды"
"2650","безжалостн","рақымсыз"
"2651","милосердн","рақымшыл"
"2652","рациональн","рационалды"
"2653","церемонн","рәсімді"
"2654","реактивн","реактивтік"
"2655","реальн","реал"
"2656","революционн","революциялық"
"2658","регенерационн","регенерациялық"
"2659","регрессивн","регрессивтік"
"2660","резервн","резервтік"
"2661","обиженн","ренжіген"
"2662","необидчив","ренжімейтін"
"2663","рентабельн","рентабельді"
"2664","симпатичн","реңді"
"2665","красив","реңкті"
"2666","официальн","ресми"
"2667","республиканск","республикалық"
"2668","беспорядочн","ретсіз"
"2669","реставрационн","реставрациялық"
"2670","упорядоченн","ретті"
"2671","порядков","реттік"
"2672","рефлекторн","рефлекторлық"
"2673","риторическ","риторикалық"
"2674","ролев","рольдік"
"2675","романтичн","романтикалық"
"2676","родов","рулық"
"2677","духовн","рухани"
"2678","вдохновляющ","рухтандыратын"
"2679","лохмат","сабалақ"
"2680","бит","сабалған"
"2681","мыльн","сабынды"
"2682","спокойн","сабырлы"
"2683","несдержанн","сабырсыз"
"2684","часов","сағаттық"
"2685","болотист","сазды"
"2686","соответствующ","сай"
"2687","выборн","сайламалы"
"2688","избранн","сайланған"
"2689","избирательн","сайлау"
"2690","выбранн","сайлаулы"
"2691","ущелист","сайлы"
"2692","осторожн","сақ"
"2693","бородат","сақалды"
"2694","безбород","сақалсыз"
"2695","оборонительн","сақтайтын"
"2696","бережен","сақтанған"
"2697","предохранительн","сақтандыратын"
"2698","страхов","сақтандыру"
"2699","сохранн","сақтаулы"
"2700","межотраслев","салааралық"
"2701","безалаберн","салақ"
"2702","равнозначн","салалас"
"2703","отраслев","салалық"
"2704","рассудительн","салауатты"
"2705","висяч","салбыраған"
"2706","уравновешенн","салиқалы"
"2707","холодн","салқын"
"2708","охлажденн","салқындаған"
"2709","весом","салмақты"
"2710","торжественн","салтанатты"
"2711","триумфальн","салтанаттық"
"2712","ритуальн","салттық"
"2713","неудачн","салымсыз"
"2714","положенн","салынған"
"2715","сравнительн","салыстырма"
"2716","сравним","салыстырмалы"
"2717","сравнительн","салыстырмалы"
"2718","безветренн","самалсыз"
"2719","благоразумн","саналы"
"2720","бессознательн","санасыз"
"2721","считанн","санаулы"
"2722","несчетн","санаусыз"
"2723","численн","сандық"
"2724","санитарн","санитарлық"
"2725","бессчетн","сансыз"
"2726","звонк","саңғырлаған"
"2727","отборн","саңлақ"
"2728","качественн","сапалы"
"2729","некачественн","сапасыз"
"2730","насадочн","саптамалы"
"2731","жадн","сараң"
"2732","неисчерпаем","сарқылмас"
"2733","тухл","сасыған"
"2734","вонюч","сасық"
"2735","сатирическ","сатиралық"
"2736","грязн","сатпақ"
"2737","проданн","сатылған"
"2738","продажн","сатылғыш"
"2739","ступенчат","сатылы"
"2741","бесступенчат","сатысыз"
"2742","здоров","сау"
"2743","безграмотн","сауатсыз"
"2744","грамотн","сауатты"
"2745","торгов","сауда"
"2746","груб","саудайы"
"2747","удойн","сауылатын"
"2748","сценичн","сахналық"
"2749","неглубок","саяз"
"2750","тенист","саялы"
"2751","политическ","саяси"
"2752","младенческ","сәбилік"
"2753","аналогичн","сәйкес"
"2754","здоров","сәлемет"
"2755","нарядн","сәнді"
"2756","декоративн","сәндік"
"2757","безуспешн","сәтсіз"
"2758","благополучн","сәтті"
"2759","лучев","сәуле"
"2760","лучист","сәулелі"
"2761","величественн","сәулетті"
"2762","архитектурн","сәулеттік"
"2763","беспричинн","себепсіз"
"2764","причинн","себепті"
"2766","подозрительн","сезікті"
"2768","бесчувственн","сезімсіз"
"2769","чувствительн","сезімтал"
"2771","сейсмическ","сейсмикалық"
"2772","подозревающ","секемшіл"
"2773","веснушчат","секпілді"
"2774","скачкообразн","секірмелі"
"2775","неплотн","селдір"
"2776","дряхл","селкілдеген"
"2777","тряск","селкілдек"
"2778","сельск","селолық"
"2779","равнодушн","селсоқ"
"2780","семантическ","семантикалық"
"2781","толст","семіз"
"2782","растолстевш","семірген"
"2783","семейн","семьялы"
"2784","бессемейн","семьясыз"
"2785","убежденн","сенген"
"2786","неправдаподобн","сенгісіз"
"2787","доверчив","сенгіш"
"2788","верн","сенімді"
"2789","ненадежн","сенімсіз"
"2790","доверчив","сенімшіл"
"2791","падежн","септік"
"2792","бодр","сергек"
"2793","бодрящ","сергітетін"
"2794","сержантск","сержанттық"
"2795","серийн","сериялы"
"2797","серпантинов","серпантиндік"
"2799","упруг","серпінді"
"2800","пружинн","серіппелі"
"2801","пуглив","сескенгіш"
"2802","внушительн","сесті"
"2803","заколдованн","сиқырлаған"
"2804","волшебн","сиқырлы"
"2805","силлабическ","силлабикалық"
"2806","символическ","символдық"
"2807","симметричн","симметриялы"
"2808","симфоническ","симфониялық"
"2809","синтаксическ","синтаксистік"
"2810","синтетическ","синтездік"
"2811","синхронн","синхрондық"
"2812","охарактеризованн","сипатталған"
"2813","характерн","сипатты"
"2814","голенаст","сирақты"
"2815","редк","сиреген"
"2816","редковат","сирегірек"
"2817","неуживчив","сиыспайтын"
"2818","скульптурн","скульптуралық"
"2819","слесарн","слесарлық"
"2820","советск","советтік"
"2821","бит","соғылған"
"2823","воинственн","соғысқұмар"
"2824","воюющ","соғысушы"
"2825","озорн","содырлы"
"2826","растягиваем","созылғыш"
"2827","тягуч","созылмалы"
"2828","вытянут","созылыңқы"
"2829","зарезанн","сойылған"
"2830","ударн","соқпалы"
"2831","слеп","соқыр"
"2832","лев","сол"
"2833","вял","солбыр"
"2834","завял","солған"
"2835","бледн","солғын"
"2836","северн","солтүстік"
"2837","лев","солшыл"
"2838","так","сондай"
"2839","последн","соңғы"
"2840","длинн","сопақ"
"2841","бедн","сорлы"
"2842","бульонн","сорпалық"
"2843","судебн","сот"
"2845","социальны","социалдық"
"2846","социалистическ","социалистік"
"2847","распорот","сөгілген"
"2848","разговорчив","сөзшең"
"2849","бессловесн","сөйлемейтін"
"2850","разговорчив","сөйлемпаз"
"2851","переговорн","сөйлесетін"
"2852","потухш","сөнген"
"2853","потушенн","сөндірілген"
"2854","спиральн","спиральді"
"2855","спиртов","спиртті"
"2856","спонтанн","спонтанды"
"2857","спортивн","спорттық"
"2858","статистическ","статистикалық"
"2859","стенографическ","стенографиялық"
"2860","стратегическ","стратегиялық"
"2861","поливн","суармалы"
"2862","поливн","суарылатын"
"2863","субстантивн","субстантивтік"
"2864","субъективн","субъективтік"
"2865","бессубъективн","субъектісіз"
"2866","влажн","сулы"
"2867","иллюстрированн","суретті"
"2868","безводн","сусыз"
"2869","охлаждающ","суытатын"
"2870","жидк","сұйық"
"2871","презренн","сұмпайы"
"2872","высок","сұңғақ"
"2873","сер","сұр"
"2874","вопросн","сұрақты"
"2875","свиреп","сұрапыл"
"2876","вопросительн","сұраулы"
"2878","сцеженн","сүзілген"
"2879","бескостн","сүйексіз"
"2880","костляв","сүйекті"
"2881","приятн","сүйкімді"
"2882","неприятн","сүйкімсіз"
"2883","остр","сүйрік"
"2884","восторженн","сүйсінген"
"2885","любим","сүйікті"
"2886","заостренн","сүйір"
"2887","вялен","сүр"
"2888","тесан","сүргіленген"
"2889","молочн","сүтті"
"2890","линейн","сызықты"
"2891","уважаем","сыйлы"
"2892","вместительн","сыйымды"
"2893","неуживчив","сыйымсыз"
"2894","подобн","сықылды"
"2895","нестройн","сымбатсыз"
"2896","стройн","сымбатты"
"2897","проволочн","сымды"
"2898","испытанн","сыналған"
"2899","ртутн","сынапты"
"2900","ломк","сынғақ"
"2901","сломанн","сынған"
"2902","поврежденн","сындырылған"
"2903","невзрачн","сынсыз"
"2904","вежлив","сыпайы"
"2905","учтив","сырбаз"
"2906","раздвижн","сырғымалы"
"2907","больн","сырқат"
"2909","крашеный","сырланған"
"2910","задушевный","сырлас"
"2911","заветный","сырлы"
"2912","стеганый","сырма"
"2913","верхний","сыртқы"
"2914","заочный","сырттай"
"2915","заочный","сырттан"
"2916","стеганый","сырылған"
"2917","указательный","сілтеуіш"
"2918","щелочной","сілтілі"
"2919","усваиваемый","сіңімді"
"2920","поглотительный","сіңіргіш"
"2921","жилистый","сіңірлі"
"2922","упорный","табанды"
"2923","нестойкий","табансыз"
"2924","природный","табиғи"
"2925","примирительный","табыстыратын"
"2926","предназначенный","тағайындалған"
"2927","назначенный","тағайындалынған"
"2928","подкованный","тағалы"
"2929","лысый","таз"
"2930","чистый","таза"
"2931","очищенный","тазарған"
"2932","скользкий","тайғанақ"
"2933","плоский","тайпақ"
"2934","упорный","тайсалмайтын"
"2935","мелкий","тайыз"
"2936","решительный","тайынбайтын"
"2937","тактический","тактикалық"
"2938","недостаточный","тақыл"
"2939","подобный","тақылеттес"
"2940","бездарный","талантсыз"
"2941","талантливый","талантты"
"2942","инициативный","талапты"
"2943","бесспорный","талассыз"
"2944","спорный","таласты"
"2945","изысканный","талғампаз"
"2946","анализирующий","талдағыш"
"2947","анализированный","талданған"
"2948","разрушительный","талқандағыш"
"2949","взрывной","талқандайтын"
"2950","разбитый","талқандалған"
"2951","коренастый","талпақ"
"2952","растопыренный","талпиған"
"2953","волокнистый","талшықты"
"2954","прекрасный","тамаша"
"2955","познаваемый","танылатын"
"2956","признанный","танылған"
"2957","неразборчивый","танылмайтын"
"2958","известный","танымал"
"2959","знакомый","таныс"
"2960","перевязочный","таңатын"
"2961","приметный","таңбалы"
"2962","изумительный","таңғажайып"
"2963","чудесный","таңғаларлық"
"2964","утренний","таңғы"
"2965","разборчивый","таңдағыш"
"2966","избранный","таңдамалы"
"2967","удивительный","таңданарлық"
"2968","удивленный","таңданған"
"2969","отборный","таңдаулы"
"2970","утренний","таңертеңгі"
"2971","редкостный","таңсық"
"2972","необычайный","таңырқаларлық"
"2973","низкий","тапал"
"2974","догадливый","тапқыр"
"2975","заданный","тапсырылған"
"2976","утрамбованный","тапталған"
"2977","тесный","тар"
"2978","весовой","таразылы"
"2979","расчесанный","таралған"
"2980","распущенный","таратылған"
"2981","исторический","тарихи"
"2982","распущенный","тарқаған"
"2983","брюквенный","тарналы"
"2984","растянутый","тартылған"
"2985","привлекательный","тартымды"
"2986","нерешительный","тартыншақ"
"2987","зауженный","тарылған"
"2988","суженный","тарылтылған"
"2989","бурный","тасқынды"
"2990","каменистый","тастақ"
"2991","брошенный","тасталған"
"2992","брошенный","тастанды"
"2993","каменистый","тасты"
"2994","переносный","тасымал"
"2995","переносный","тасымалды"
"2996","переносный","тасымалы"
"2997","дружный","тату"
"2999","безвкусный","татымсыз"
"3000","горный","таулы"
"3001","бесконечный","таусылмайтын"
"3002","неглубокий","таяз"
"3003","недавний","таяудағы"
"3004","опытный","тәжірибелі"
"3005","неопытный","тәжірибесіз"
"3006","присущий","тән"
"3007","воспитанный","тәрбиеленген"
"3008","воспитанный","тәрбиелі"
"3009","невоспитанный","тәртіпсіз"
"3010","беспорядочный","тәртіптелінбеген"
"3011","воспитанный","тәртіпті"
"3012","ловкий","тәсілқой"
"3013","сладкий","тәтті"
"3014","рискованный","тәуекелді"
"3015","несмелый","тәуекелсіз"
"3016","зависимый","тәуелді"
"3017","независимый","тәуелсіз"
"3018","суточный","тәуліктік"
"3019","театральный","театрлық"
"3020","бесплатный","тегін"
"3021","гладкий","тегіс"
"3022","шлифовальный","тегістейтін"
"3023","выровненный","тегістелген"
"3024","тормозной","тежеуіш"
"3025","скороспелый","тезпіскіш"
"3026","проверенный","тексерілген"
"3027","безродный","тексіз"
"3028","родственный","тектес"
"3029","воспитанный","текті"
"3030","железный","темір"
"3031","шаловливый","тентек"
"3032","равноправный","тең"
"3033","денежный","ақшалай"
"3034","равный","теңдес"
"3035","несравненный","теңеусіз"
"3036","неравный","теңсіз"
"3037","теоретический","теориялық"
"3038","равный","тепе-тең"
"3039","колебающийся","тербелмелі"
"3040","убаюканный","тербетілген"
"3041","углубленный","тереңдетілген"
"3042","вспотевший","терлеген"
"3043","терминологический","терминологиялық"
"3044","термоядерный","термоядролық"
"3045","террористический","террорлық"
"3046","потливый","тершең"
"3047","потливый","тершіл"
"3048","неправильный","теріс"
"3049","пробивной","тесілетін"
"3050","задетый","тиген"
"3051","погрузочный","тиейтін"
"3052","нагруженный","тиелген"
"3053","причитающийся","тиесілі"
"3054","типический","типтік"
"3055","гладкий","типыл"
"3056","невыгодный","тиімсіз"
"3057","необходимый","тиісті"
"3058","беспочвенный","тиянақсыз"
"3059","устойчивый","тиянақты"
"3060","лесистый","тоғайлы"
"3061","утаревший","тозған"
"3062","ненасытный","тойымсыз"
"3063","сытый","тоқ"
"3064","застойный","тоқтаған"
"3065","задержанный","тоқтатылған"
"3066","вязаный","тоқылған"
"3067","текстильный","тоқымалық"
"3068","полный","толған"
"3069","волнистый","толқынды"
"3070","полный","толық"
"3071","организованный","топтасқан"
"3072","землистый","топырақты"
"3073","узловой","торапты"
"3074","юбилейный","торқалы"
"3075","сетчатый","торлы"
"3076","ржавый","тоттанған"
"3077","заржавелый","тотыққан"
"3078","выносливый","төзімді"
"3079","проливной","төкпе"
"3080","платежный","төлемді"
"3081","уплаченный","төленген"
"3082","нижний","төменгі"
"3083","перевернутый","төңкерілген"
"3084","застеленный","төселген"
"3085","чрезвычайный","төтенше"
"3086","трагичный","трагедиялық"
"3087","родной","туған"
"3088","бесплодный","тумайтын"
"3089","родственный","тумалас"
"3090","прямой","тура"
"3091","резательный","турайтын"
"3092","справедливый","турашыл"
"3093","вторичный","туынды"
"3094","родственный","туыс"
"3095","межродовой","туысаралық"
"3096","близкий","туысқан"
"3097","заключительный","тұжырымды"
"3098","соленый","тұздалған"
"3099","соленый","тұзды"
"3100","замкнутый","тұйық"
"3101","породистый","тұқымды"
"3102","бесплодный","тұқымсыз"
"3103","видный","тұлғалы"
"3104","туманный","тұманды"
"3105","удушающий","тұншықтырғыш"
"3106","прозрачный","тұнық"
"3107","непостоянный","тұрақсыз"
"3108","постоянн","тұрақты"
"3109","стоящий","тұратын"
"3110","бытовой","тұрмыстық"
"3111","грубый","тұрпайы"
"3112","зажженный","тұтанған"
"3113","целый","тұтас"
"3114","пленный","тұтқын"
"3115","пресный","тұщы"
"3116","кардинальный","түбегейлі"
"3117","исправленный","түзелген"
"3118","неисправимый","түзелмейтін"
"3119","исправленный","түзетілген"
"3120","прямой","түзу"
"3121","завязанный","түйілген"
"3122","узловатый","түйінді"
"3123","зернистый","түйірлі"
"3124","ночной","түнгі"
"3125","тюркский","түркі"
"3126","разный","түрлі"
"3127","обеденный","түскі"
"3128","бесцветный","түссіз"
"3129","доходный","түсімді"
"3130","бесприбыльный","түсімсіз"
"3131","непонятный","түсініксіз"
"3132","понятный","түсінікті"
"3133","плотный","тығыз"
"3134","волшебный","тылсымды"
"3135","тихий","тынық"
"3136","спокойный","тынымды"
"3137","беспокойный","тынымсыз"
"3138","тихий","тыныш"
"3139","успокоенный","тынышталған"
"3140","бодрый","тың"
"3141","основательный","тыңғылықты"
"3142","расцарапанный","тырналған"
"3143","пошивочный","тігетін"
"3144","сшитый","тігулі"
"3145","шитый","тігілген"
"3146","последовательный","тізбектелген"
"3147","прямой","тіке"
"3148","послушный","тілалғыш"
"3149","языкастый","тілді"
"3150","красноречивый","тілмар"
"3151","бессловесный","тілсіз"
"3152","беспочвенный","тірексіз"
"3153","надежный","тіректі"
"3154","зарегистрированный","тіркелген"
"3155","прицепной","тіркелетін"
"3156","прицепной","тіркемелі"
"3157","зарегистрированный","тіркеулі"
"3158","живой","тірі"
"3159","беззубый","тіссіз"
"3160","зубастый","тісті"
"3161","грустный","уайымды"
"3162","беззаботный","уайымсыз"
"3163","беспокойный","уайымшыл"
"3164","мелкий","уақ"
"3165","безвременный","уақытсыз"
"3166","временный","уақытша"
"3167","битый","уатылған"
"3168","договоренный","уәделескен"
"3169","обещанный","уәделі"
"3170","отравленный","улаған"
"3171","ядовитый","улағыш"
"3172","отравляющий","уландыратын"
"3173","отравляющий","уландырғыш"
"3174","ядовитый","улы"
"3175","токсичный","уытты"
"3176","внятный","ұғымды"
"3177","непонятный","ұғымсыз"
"3178","сообразительный","ұғымтал"
"3179","беспрерывный","ұдайы"
"3180","честный","ұжданды"
"3181","бессовестный","ұждансыз"
"3182","длительный","ұзақ"
"3183","удлиненный","ұзартылған"
"3184","длинный","ұзын"
"3185","нерифмованный","ұйқассыз"
"3186","рифмованный","ұйқасты"
"3187","рифмованный","ұйқастырылған"
"3188","сонный","ұйқылы"
"3189","сонливый","ұйқышыл"
"3190","усыпительный","ұйықтататын"
"3191","организованный","ұйымдасқан"
"3192","неорганизованный","ұйымдаспаған"
"3193","организованный","ұйымшыл"
"3194","организационный","ұйымдық"
"3195","схожий","ұқсас"
"3196","небрежный","ұқыпсыз"
"3197","аккуратный","ұқыпты"
"3198","расширенный","ұлғаймалы"
"3199","расширенный","ұлғайтылған"
"3200","пушистый","ұлпа"
"3201","межнациональный","ұлтаралық"
"3202","национальный","ұлттық"
"3203","народно-демократический","ұлттық-демократиялық"
"3204","народно-революционный","ұлттық-революциялық"
"3205","великий","ұлы"
"3206","забывчивый","ұмытшақ"
"3207","забытый","ұмытылған"
"3208","незабываемый","ұмытылмайтын"
"3209","незабываемый","ұмытылмас"
"3210","приятный","ұнамды"
"3211","неприятный","ұнамсыз"
"3212","мучной","ұнды"
"3213","тертый","ұнтақталған"
"3214","ворованный","ұрланған"
"3215","зачаточный","ұрықтанған"
"3216","битый","ұрылған"
"3217","мелкий","ұсақ"
"3218","раздробленный","ұсақталған"
"3219","мелочный","ұсақшыл"
"3220","безобразный","ұсқынсыз"
"3221","задержанный","ұсталған"
"3222","сдержанный","ұстамды"
"3223","невыдержанный","ұстамсыз"
"3224","чудн","ғажайып"
"3225","умн","ақылды"
"3226","пшеничн","бидай"
"3227","пойманн","ұсталған"
"3228","растительн","өсімдік"
"3229","элементарн","қарапайым"
"3230","целостн","біртұтас"
"3231","перв","бірінші"
"3233","отзывчив","бауырмал"
"3234","неотложн","кідіртуге болмайтын"
"3235","ярк","жарық"
"3236","гражданск","азаматтық"
"3237","внешн","сыртқы"
"3239","долгосрочн","ұзақ мерзімді"
"3240","овощн","көкөніс"
"3241","лавров","лавр"
"3242","бумажн","қағаз"
"3243","обходн","кету"
"3232","почтов","почталық"
"3236","грязн","кір"
"3237","студен","салқын"
"","барсучь","борсықтың"
"","законодательн","заңнамалық"
"","сладк","тәтті"
"","представительн","өкілі"
"3244","аварийн","апатты"
"3245","автомобильн","автокөлікті"
"3246","авторск","авторлық"
"3247","адвокатск","қорғаушылық"
"3248","адресн","адрестік"
"3249","адмиральск","адмиральдік"
"3250","азотн","азоттік"
"3251","аккумуляторн","аккумуляторлық"
"3252","актов","акт"
"3253","алданск","алдандық"
"3254","алкогольн","алкогольді"
"3255","аллергическ","аллергиялық"
"3256","алмазн","алмас"
"3257","алтайс","алтай"
"3258","альпийск","альпі"
"3259","альпинистск","альпинисттік"
"3260","альтернативн","баламалы"
"3261","алюминев","альюмин"
"3262","амбициозн","менмен"
"3263","американск","американдық"
"3264","ангельск","періштелік"
"3265","аномальн","нормадан ауытқыған"
"3266","антенн","антенналық"
"3267","антикварн","антикварлық"
"3268","антимонопольн","антимонопольді"
"3269","античн","көне"
"3270","апельсинов","апельсинді"
"3271","аппаратн","аппаратты"
"3272","аппетитн","тәбетті"
"3273","аптекарск","дәріханалық"
"3274","арбузн","қарбыз"
"3275","артериальн","күретамыр"
"3276","аскорбинов","аскорбин"
"3277","атлетическ","атлетикалық"
"3278","багажн","жүк"
"3279","багров","қып-қызыл"
"3280","багрян","ашық қызыл"
"3281","базисн","базистік"
"3282","базов","базалық"
"3283","базов","негізгі"
"3284","базов","қор"
"3285","балетн","балеттік"
"3286","балконн","балкондық"
"3287","бананов","банан"
"3288","банкетн","банкет"
"3289","болгарск","болгар"
"3290","бордов","күрең қызыл"
"3291","босоног","жалаң аяқ"
"3292","ботаническ","ботаникалық"
"3293","биологическ","биологиялық"
"3294","брачн","некелік"
"3295","бритвенн","ұстаралық"
"3296","брит","қырынған"
"3297","важнейш","аса маңызды"
"3298","вакантн","вакантты"
"3299","вакуумн","вакуумдық"
"3300","вафельн","вафельді"
"3301","вегетарианск","етсіз"
"3302","везуч","бағы бар"
"3303","веков","ғасырлық"
"3304","великоват","үлкендеу"
"3305","гадк","жексұрын"
"3306","гадк","жиренішті"
"3307","гадк","сұмпайы"
"3308","гаечн","сомын"
"3309","газов","газды"
"3310","газов","газ"
"3311","галантн","сабаз"
"3312","галантн","тым сыпайы"
"3313","гарантированн","кепілдендірілген"
"3314","гардеробн","гардероб"
"3315","гастрольн","гастрольдік"
"3316","генн","гендік"
"3317","дверн","есіктік"
"3318","двигательн","қозғалтқыштық"
"3319","дворов","аулалық"
"3320","джазов","джаздық"
"3321","джентельменск","джентельмендік"
"3322","джинсов","джинсы"
"3323","длиннейш","аса ұзын"
"3324","девников","күнделік"
"3325","един","бірыңғай"
"3326","ежегодн","жыл сайынғы"
"3327","ежемесячн","ай сайынғы"
"","солнечн","шуақты"
"","лесн","орманды"
"","оранжев","сарғыш"
"","необыкнавенн","ерекше"
"","игрушечн","ойыншық"
"","суров","қатал"
"","звездн","жұлдызды"
"","спортивн","спортты"
"","шоколадн","шоколадты"
"","несильн","әлсіз"
"","тровянист","шөпті"
"","мартовск","марттың"
"","детск","бала"
